edad,peso,altura,horas,objetivo,animo,nivel
40,60,193,8,2,2,1
16,88,182,3,2,2,1
67,96,182,10,0,1,1
57,62,169,1,1,2,1
28,59,198,4,0,2,1
64,67,162,10,1,3,2
17,96,158,10,0,1,1
21,49,171,7,2,2,1
55,51,156,4,0,3,1
15,84,162,6,0,1,1
63,54,155,3,2,4,1
35,84,161,9,3,0,1
43,104,175,7,0,0,1
29,109,183,10,1,3,2
24,97,185,10,2,3,1
53,95,154,10,3,2,1
24,97,193,10,1,0,2
22,105,166,5,0,0,1
52,48,151,3,3,3,1
64,99,174,2,0,2,0
67,104,165,4,2,0,0
37,60,172,9,0,3,1
37,110,200,1,2,2,0
55,64,166,10,2,3,1
24,120,198,4,3,0,1
69,74,195,8,0,0,1
34,113,150,3,1,0,1
36,98,158,2,1,4,0
52,98,172,7,3,2,1
47,114,160,9,0,0,1
21,117,159,3,2,2,1
21,57,194,5,3,1,1
23,90,191,6,0,4,2
43,66,167,4,0,1,1
46,106,196,9,1,4,1
66,108,170,8,0,1,1
68,58,155,7,1,0,2
62,85,186,8,2,0,1
18,58,177,8,0,0,1
47,68,190,5,3,3,0
44,59,185,3,0,2,0
26,46,162,3,3,2,1
24,72,151,9,3,4,1
57,120,186,4,1,1,1
17,109,165,3,3,3,0
30,93,189,6,0,0,2
39,58,176,10,1,0,1
29,84,178,2,3,2,1
50,100,181,3,1,4,1
47,100,158,9,2,3,1
39,113,167,7,0,4,1
25,71,157,7,0,3,1
70,79,177,5,1,0,1
34,104,187,5,3,2,1
40,77,168,7,0,3,1
43,49,157,5,1,0,1
60,81,180,4,0,2,1
66,104,169,9,3,3,1
54,77,160,5,3,4,0
34,116,178,1,2,1,0
60,98,188,2,1,0,0
20,58,179,3,1,2,1
19,57,161,9,3,3,2
69,112,170,3,3,1,0
33,47,175,5,1,0,1
63,88,196,8,3,0,1
48,68,172,5,0,2,1
20,81,164,8,0,1,1
34,84,179,5,3,4,1
18,50,154,8,2,2,2
35,114,190,6,0,4,1
35,96,156,8,0,3,1
27,80,193,3,3,3,1
50,120,189,1,3,2,0
49,90,157,7,3,4,1
54,73,164,2,0,4,0
15,105,189,5,2,1,0
30,50,184,9,1,0,2
37,94,186,8,1,3,1
43,53,179,4,1,3,1
65,59,156,5,2,0,1
60,62,167,9,1,2,2
24,104,181,5,1,4,1
28,100,168,1,2,2,0
27,85,172,3,3,1,1
19,58,173,10,1,1,2
65,84,170,10,0,1,1
15,49,183,6,3,3,1
23,120,172,7,0,0,1
44,118,159,4,3,4,0
20,81,173,1,2,0,0
26,51,163,7,0,3,1
63,115,183,10,1,4,1
33,110,178,1,3,2,0
29,106,196,3,0,0,1
31,89,157,8,0,4,1
46,111,154,9,2,0,1
23,64,157,10,1,0,2
36,92,173,4,3,4,0
62,101,192,6,1,0,1
46,60,160,8,2,3,1
29,66,175,9,1,1,2
53,116,175,2,2,4,0
30,58,174,8,3,2,1
34,88,169,7,3,3,1
52,83,185,3,3,3,1
30,79,162,8,2,3,1
17,46,182,10,0,1,1
70,118,158,10,2,4,1
23,47,167,6,0,3,1
20,77,168,10,2,4,1
37,110,151,5,0,2,0
26,49,158,6,0,1,1
41,110,199,8,0,3,1
24,92,184,10,1,1,2
41,48,193,3,2,0,0
40,106,192,6,1,1,1
28,110,161,4,2,3,1
39,87,178,9,3,4,1
57,79,154,4,2,3,0
28,89,151,4,2,4,1
42,69,165,3,0,2,1
44,98,197,8,2,1,1
45,116,200,3,1,2,1
57,111,198,3,3,2,0
46,71,187,1,2,1,0
49,59,171,5,3,4,1
59,83,183,7,2,3,1
16,88,179,8,3,4,1
44,106,171,6,3,0,1
68,111,199,6,1,4,1
23,114,162,6,2,0,1
28,50,189,6,2,3,1
31,51,167,4,1,1,1
47,94,171,8,1,3,1
40,64,151,9,0,1,1
20,77,178,7,3,4,2
34,56,198,5,0,3,1
37,108,164,3,2,4,0
27,62,200,7,0,0,1
18,115,189,5,0,3,1
66,68,198,10,0,0,1
41,81,176,6,3,3,1
47,45,173,3,2,0,0
54,103,159,3,1,4,1
58,73,159,8,2,2,1
63,113,154,10,3,1,1
58,97,165,1,2,0,0
53,73,169,10,3,2,1
43,73,154,10,1,1,1
47,101,193,6,3,1,1
69,92,155,8,3,4,1
32,45,193,9,3,0,1
64,67,162,2,1,2,1
19,53,192,3,3,0,1
46,88,174,2,1,2,0
25,101,191,2,3,4,0
26,76,159,6,1,2,2
46,60,200,4,0,1,0
18,62,162,6,2,2,2
59,85,195,7,2,1,1
35,63,157,9,3,1,2
46,110,161,3,1,2,1
37,102,153,4,0,1,0
25,97,174,10,0,1,1
16,117,192,5,3,1,0
65,118,179,7,0,1,1
35,69,169,7,2,2,2
52,60,152,2,1,4,1
59,86,167,10,2,2,1
67,49,196,9,2,3,1
56,78,156,7,3,1,1
55,78,196,10,2,2,1
58,106,200,9,0,2,1
70,116,169,9,2,1,1
52,93,189,5,2,1,1
45,56,182,3,2,0,0
33,61,192,8,0,1,1
53,50,190,7,1,0,1
54,57,195,7,3,1,1
26,91,174,1,1,3,1
47,90,168,2,2,1,0
17,95,175,3,2,4,0
31,47,177,3,2,0,1
29,82,199,8,3,3,2
32,90,187,6,1,1,2
27,117,179,4,3,3,1
26,98,179,8,1,4,2
23,112,160,6,1,4,2
69,62,156,6,3,3,1
62,77,173,9,1,3,2
49,56,151,9,2,2,1
22,79,173,8,1,4,2
31,80,162,5,0,2,1
38,45,183,7,0,4,1
38,104,194,7,3,3,1
39,45,176,3,2,4,0
37,111,157,1,1,0,0
27,109,159,4,1,2,1
62,49,183,4,2,3,0
15,77,174,7,3,0,1
70,58,170,6,0,3,1
24,60,152,1,2,1,1
59,76,183,4,0,1,1
33,47,161,1,2,4,0
42,105,179,3,3,1,0
57,56,166,5,1,0,1
16,63,173,1,2,3,0
52,51,163,4,3,3,0
26,53,171,1,2,3,0
65,76,185,2,0,4,0
16,68,184,4,2,2,1
34,85,155,2,1,3,1
19,69,153,4,2,3,1
45,45,168,9,3,3,1
64,67,179,6,0,0,1
44,81,174,10,3,2,1
22,100,174,3,0,3,1
21,99,198,9,3,0,2
19,115,191,10,1,0,2
40,87,193,2,3,4,0
70,84,169,7,3,2,1
70,82,175,10,1,1,2
28,102,153,7,1,1,2
22,53,199,3,3,3,1
18,73,191,9,2,0,2
26,57,161,7,3,0,2
20,95,181,2,1,3,1
68,118,193,9,0,4,1
62,80,184,8,2,2,1
17,58,191,10,2,3,1
62,56,183,1,3,2,0
20,96,186,3,0,0,1
19,60,168,5,1,2,2
27,67,159,4,0,2,1
65,75,196,7,0,3,1
65,91,151,6,3,2,1
17,89,161,10,2,4,1
51,45,173,7,3,0,1
15,48,192,6,3,3,1
27,117,191,7,1,4,2
24,55,178,10,3,3,1
70,119,175,4,0,0,0
34,51,157,5,2,4,1
66,46,193,1,3,2,0
41,113,155,1,2,1,0
58,106,156,10,2,0,1
69,102,180,8,2,3,1
22,54,161,5,0,2,1
23,60,160,2,2,1,1
64,83,176,8,1,2,2
45,69,166,2,2,1,0
18,103,164,5,0,2,1
39,46,196,8,3,4,1
45,109,190,9,0,2,1
59,82,168,1,2,0,0
22,110,158,7,1,0,2
56,90,179,8,3,4,1
25,80,162,5,3,4,1
18,61,163,3,1,3,2
62,105,165,3,2,2,0
15,90,193,1,1,4,1
27,90,198,9,3,0,2
69,64,200,8,2,2,1
67,82,174,10,0,4,1
55,87,195,7,0,2,1
37,106,175,6,0,0,1
19,69,152,9,0,1,1
45,99,160,2,0,3,0
26,70,170,3,0,3,1
38,87,154,1,0,0,0
51,65,178,10,1,3,2
21,47,181,9,0,0,1
65,90,155,3,1,3,1
33,90,166,4,1,4,1
30,104,179,9,0,2,1
63,100,182,4,0,4,0
65,106,191,1,0,0,0
53,64,150,3,2,1,0
31,45,191,9,0,4,1
20,50,182,1,2,0,0
24,66,158,1,2,1,1
65,97,176,3,1,3,1
33,69,160,10,2,4,2
33,120,192,3,3,3,1
44,87,156,1,3,0,0
52,72,150,1,1,4,0
59,68,180,1,2,4,0
69,63,195,2,3,1,0
35,115,158,2,0,1,0
22,85,179,4,1,0,2
40,72,166,5,2,4,1
33,88,181,4,2,0,1
50,86,180,5,1,4,1
32,74,170,5,2,0,1
46,53,194,7,1,0,1
40,66,178,6,1,2,2
53,62,158,3,1,3,1
56,61,171,9,2,2,1
32,105,195,9,2,3,1
38,120,181,3,1,3,1
62,87,188,1,3,1,0
43,96,169,6,1,2,1
15,94,183,2,0,2,0
37,76,182,4,0,4,1
43,54,200,3,0,0,0
38,113,173,4,1,1,1
35,51,198,7,0,0,1
69,87,174,4,3,4,0
67,115,199,4,0,2,0
54,75,170,9,2,0,1
56,95,199,3,3,3,1
19,66,188,6,0,4,1
57,61,162,6,1,2,2
29,93,161,4,1,0,1
19,118,194,3,2,1,1
66,57,159,9,2,0,1
43,95,180,2,3,3,0
43,97,197,4,3,3,1
69,49,154,1,3,4,0
25,77,162,7,1,3,2
19,77,163,3,1,0,1
69,62,157,2,3,4,0
52,72,192,4,0,2,0
55,96,196,5,2,4,1
44,77,180,1,1,0,1
29,49,163,10,2,0,1
61,61,179,1,2,3,0
27,51,166,7,1,3,2
29,106,154,4,0,4,1
20,87,177,10,0,0,1
32,92,152,6,0,3,1
42,109,181,1,2,3,0
68,60,151,4,0,4,1
27,75,158,3,0,4,1
22,113,158,2,2,2,0
63,108,162,6,3,3,1
20,75,169,4,1,1,2
21,49,200,10,1,2,2
20,70,182,1,3,4,1
21,47,157,5,2,4,1
67,63,184,10,1,0,1
67,97,160,7,2,2,1
61,79,171,6,2,4,1
56,48,181,5,1,1,1
58,62,175,7,1,4,2
63,46,165,3,1,0,1
32,50,180,6,0,0,1
39,67,174,5,3,1,1
48,76,170,2,0,0,0
42,64,187,4,0,2,0
28,57,194,1,0,2,0
58,74,193,8,1,3,1
54,72,169,6,2,2,1
59,94,174,9,2,1,1
35,88,185,4,2,3,1
25,108,169,10,3,3,1
55,59,162,10,3,0,1
57,51,150,1,1,4,1
63,51,191,6,1,3,1
37,76,169,10,0,4,1
70,85,164,1,3,3,0
35,81,175,5,0,1,1
37,119,152,8,3,1,1
16,83,167,9,0,1,1
31,81,164,5,2,2,1
58,78,167,10,0,3,1
64,89,183,10,2,3,1
47,48,175,3,2,3,0
41,71,161,8,2,3,1
46,107,183,7,3,1,1
62,72,153,5,3,3,0
57,108,166,2,3,1,0
49,101,157,6,1,4,1
46,78,181,10,1,2,2
57,88,160,9,0,1,1
34,60,158,10,0,3,2
24,88,169,2,3,2,0
25,114,159,4,0,3,1
53,79,195,9,0,0,1
38,80,157,1,2,4,0
61,113,172,4,0,4,0
21,69,199,6,0,1,1
15,117,175,7,0,0,1
68,81,177,2,3,4,0
32,105,196,2,1,2,1
26,101,185,3,1,3,1
60,50,180,2,3,4,0
37,120,177,4,2,0,0
35,99,188,6,1,2,2
69,98,197,7,2,1,1
34,51,196,2,0,3,0
43,80,156,9,2,0,1
70,60,166,7,1,3,2
30,68,170,3,2,2,1
58,104,199,7,1,2,2
19,54,174,6,3,3,1
16,60,174,1,1,1,0
67,107,150,1,0,1,0
41,59,198,4,1,2,1
56,78,161,10,0,4,1
43,76,181,1,0,4,0
46,62,177,4,3,1,0
51,99,189,2,0,2,0
22,58,160,8,0,1,2
24,50,183,3,1,3,1
69,78,176,5,3,0,1
59,95,163,6,2,2,1
40,96,151,6,1,4,1
34,64,186,7,1,4,2
62,101,192,4,1,4,1
48,63,197,3,3,2,0
26,95,194,4,3,4,1
24,60,178,5,2,0,1
55,52,151,2,3,3,0
58,54,184,3,0,1,0
22,65,186,8,0,0,1
20,76,166,3,3,3,1
44,118,179,9,0,1,1
26,54,164,1,0,1,1
30,45,154,9,0,2,1
54,47,179,7,2,3,1
53,85,199,3,2,3,1
23,55,187,5,3,2,1
44,114,175,8,2,4,1
50,95,152,9,2,0,1
27,64,196,10,1,1,2
38,79,153,5,2,1,0
63,96,175,6,1,2,1
53,110,180,6,1,0,1
65,84,185,8,0,2,1
42,92,157,8,3,4,1
45,94,162,3,0,1,0
28,89,199,10,0,3,2
30,120,179,6,1,3,2
67,74,196,8,1,0,1
25,50,151,10,1,4,2
56,77,195,9,3,3,1
30,74,165,7,1,0,2
15,81,179,7,1,0,2
45,63,156,5,2,0,1
54,110,178,1,2,3,0
39,67,150,1,1,4,0
52,63,177,2,2,1,0
60,62,165,10,1,4,2
68,87,186,6,0,0,1
52,103,191,1,0,3,0
39,109,166,10,0,1,1
41,60,198,4,1,0,1
50,64,190,1,0,1,0
25,85,185,7,0,2,2
29,85,154,9,2,2,1
67,50,198,8,0,2,1
66,86,158,8,3,1,1
61,107,170,10,3,4,1
59,77,156,10,2,0,1
51,56,151,7,2,3,1
29,52,168,7,2,0,1
55,118,163,6,2,2,1
70,109,198,8,3,0,1
51,91,162,8,0,4,1
42,55,183,6,1,3,1
35,98,189,2,0,1,0
60,54,162,3,1,2,1
38,102,191,10,3,2,1
39,54,169,7,1,3,1
30,117,186,2,1,3,1
20,110,190,2,0,0,0
52,55,198,1,0,0,0
37,73,158,9,3,1,1
59,45,171,3,2,4,0
15,119,180,3,1,0,1
55,57,193,9,1,0,1
40,56,187,6,0,3,1
55,91,155,10,1,0,1
54,116,168,4,2,2,0
38,76,162,10,0,3,1
65,45,179,2,1,3,0
16,80,155,5,2,2,0
33,74,163,3,0,4,1
65,72,159,2,0,0,0
27,113,178,9,2,2,1
60,85,165,9,0,4,1
64,74,164,1,3,3,0
19,97,181,5,3,0,1
33,88,159,5,0,0,1
15,81,154,4,0,0,0
27,63,167,3,2,2,1
18,55,151,8,1,4,2
28,61,154,1,2,2,1
15,79,186,9,1,2,2
23,73,177,3,1,4,2
52,97,163,5,1,2,1
15,114,198,6,2,2,1
32,104,171,6,0,0,1
32,106,171,9,3,4,1
42,90,171,9,2,4,1
68,102,185,9,3,3,1
62,81,159,7,0,1,1
53,96,193,3,3,3,1
30,82,152,6,2,3,1
32,119,166,6,0,4,1
34,84,189,8,1,4,2
31,101,196,1,0,4,1
43,99,164,5,0,3,0
47,91,159,8,2,3,1
26,108,183,1,3,1,0
23,58,150,9,0,3,2
29,49,157,9,2,0,1
44,107,185,5,2,3,0
21,78,154,6,3,4,1
37,73,200,7,2,2,1
29,104,175,10,1,1,2
22,113,189,7,1,4,2
63,106,150,7,3,1,1
59,114,163,5,0,2,0
46,116,182,8,1,4,1
64,107,198,1,1,4,0
28,111,196,3,2,0,1
42,89,161,10,0,0,1
56,64,169,10,1,3,2
53,105,173,1,0,2,0
50,61,196,7,3,1,1
59,98,152,3,2,3,0
48,74,161,2,1,1,0
55,115,186,1,2,3,0
49,81,158,2,0,1,0
45,50,198,2,1,0,0
26,45,155,2,3,2,0
53,106,199,4,0,4,1
62,59,195,1,3,3,0
23,91,189,10,0,1,2
46,119,199,8,0,4,1
68,97,176,3,1,1,1
37,58,166,1,0,3,0
69,103,166,4,2,2,0
25,118,197,6,0,3,1
61,88,200,9,2,3,1
47,93,172,6,2,3,1
70,71,198,4,3,3,0
32,73,150,6,0,1,1
53,86,198,8,0,0,1
42,52,156,8,1,4,2
22,99,192,8,0,4,2
69,84,198,5,2,1,1
58,85,195,10,1,3,2
63,67,185,7,0,2,1
20,106,180,2,3,0,0
35,82,158,4,1,1,1
23,54,176,7,0,4,1
27,93,196,5,2,4,1
62,113,165,1,0,0,0
27,79,154,6,0,4,1
53,115,171,9,2,3,1
60,90,181,3,0,1,0
42,47,183,9,1,4,1
19,101,163,8,0,2,1
25,115,176,9,0,3,1
28,109,193,5,1,4,1
16,97,177,9,0,1,1
43,45,184,1,1,4,0
36,92,183,4,3,3,0
57,48,162,7,2,3,1
34,80,175,2,1,2,1
28,83,179,9,1,1,2
44,89,167,10,2,0,1
22,62,182,7,0,4,1
59,48,191,9,0,4,1
29,112,173,2,1,1,1
62,59,199,5,1,0,1
68,50,175,4,3,1,0
50,72,183,9,0,2,1
28,59,159,2,0,3,1
26,85,156,8,3,4,1
19,110,160,7,1,0,2
66,53,161,3,3,4,1
67,83,182,9,3,4,1
22,59,187,2,3,3,0
38,99,176,10,0,4,1
59,59,182,8,3,4,1
20,60,172,8,3,2,2
66,62,177,4,1,1,1
26,120,150,2,1,3,1
31,72,173,8,0,2,2
64,52,164,3,1,3,1
42,98,177,1,0,4,0
21,92,162,7,1,4,2
22,74,192,6,1,1,2
25,71,176,7,2,3,2
40,103,178,3,1,3,1
45,71,170,1,1,2,1
49,57,150,5,2,2,1
46,107,176,9,1,4,1
66,107,180,2,2,1,0
41,50,188,6,1,0,1
59,79,154,3,1,1,1
68,115,159,6,2,2,1
17,58,192,8,2,1,1
57,47,180,10,1,4,1
19,108,169,3,1,4,1
70,64,196,5,0,3,0
62,88,185,5,1,0,1
20,96,175,9,1,2,2
56,68,151,4,1,3,1
39,114,189,1,3,2,0
19,87,171,5,0,3,1
69,110,176,9,3,0,1
59,45,176,9,1,0,1
26,99,175,6,3,1,1
20,117,182,5,3,2,1
36,58,179,2,1,0,0
23,52,155,4,3,3,1
29,92,200,3,0,0,1
46,70,193,2,3,0,0
46,54,195,10,2,2,1
60,45,173,9,2,3,1
45,88,169,7,3,2,1
16,87,198,7,0,3,1
42,51,150,10,1,4,2
30,102,189,3,1,1,1
18,49,176,1,3,3,0
31,96,178,1,3,4,0
33,49,163,5,3,0,1
47,61,156,9,2,1,1
48,111,152,10,0,3,1
65,96,183,9,2,2,1
19,120,199,9,3,4,1
22,46,184,5,2,4,1
25,90,173,2,2,0,0
34,90,166,8,2,3,1
48,75,192,2,2,2,0
52,74,151,7,1,3,1
49,62,184,2,2,2,0
40,82,178,2,3,3,0
50,119,193,4,1,4,1
36,99,187,9,1,1,1
62,66,194,3,2,0,0
38,78,155,4,0,1,0
41,78,163,8,2,4,1
58,76,193,1,3,4,0
52,45,172,1,2,2,0
56,67,169,10,3,4,1
60,46,166,1,3,2,0
68,67,172,9,2,0,1
60,66,177,2,1,2,1
41,83,185,2,3,2,0
46,56,180,5,2,3,0
56,89,163,10,2,4,1
15,64,195,2,0,1,0
25,87,179,2,1,3,1
61,97,177,4,2,3,0
16,92,156,4,3,3,0
23,106,164,4,0,4,1
63,114,190,9,2,0,1
49,116,190,8,1,4,1
65,56,184,1,3,2,0
64,90,182,3,1,4,1
53,51,151,9,3,4,1
23,104,158,5,1,0,1
54,71,175,10,3,2,1
31,88,181,9,1,1,2
70,51,171,1,0,0,0
20,69,166,7,2,3,2
34,62,183,9,1,4,2
42,63,170,3,0,3,1
55,61,157,1,3,3,0
62,85,187,6,0,4,1
24,52,162,9,0,2,1
38,88,197,2,0,1,0
48,63,150,9,2,1,1
60,76,199,1,0,4,0
51,112,161,9,0,3,1
33,90,155,3,0,0,1
42,95,151,7,3,2,1
49,54,190,3,0,3,0
36,89,153,2,3,0,0
46,71,161,5,3,3,0
61,117,155,7,3,3,1
21,115,171,3,1,4,1
56,58,154,6,2,0,1
16,49,155,9,1,3,2
42,118,182,6,2,1,1
49,45,176,9,3,0,1
29,116,150,3,0,4,1
47,75,177,8,3,3,1
63,119,192,7,2,1,1
54,54,191,6,0,3,1
22,106,167,3,0,0,1
24,109,160,4,1,3,1
63,65,180,10,0,2,1
56,117,170,8,0,4,1
37,84,189,6,0,2,1
34,66,151,10,2,3,1
19,119,194,4,1,1,1
36,120,160,8,2,3,1
24,77,189,1,0,4,1
61,61,180,5,1,0,1
51,64,190,9,3,3,1
66,81,159,9,3,2,1
55,61,151,7,2,3,1
19,96,199,1,0,2,1
46,118,170,7,3,4,1
21,82,195,8,2,1,2
70,63,159,2,0,0,0
21,67,186,4,3,2,1
26,62,167,6,3,3,2
56,102,193,5,2,0,0
33,86,196,7,1,1,2
63,76,159,6,2,3,1
64,94,178,7,2,2,1
57,83,196,5,0,4,1
33,102,180,9,2,4,1
58,49,197,3,1,1,1
21,79,191,8,2,4,2
19,77,170,5,1,0,2
67,82,175,4,2,3,1
41,47,159,7,2,1,1
16,52,172,3,0,4,0
29,45,161,7,0,3,1
68,87,172,10,2,0,1
27,105,168,1,3,2,0
58,62,179,5,1,4,1
28,118,152,1,3,1,0
44,86,154,4,2,3,0
42,97,182,5,2,4,0
26,71,188,8,2,2,2
42,67,195,6,1,1,1
36,84,198,5,0,1,1
66,105,163,1,1,0,0
16,80,200,10,2,1,1
58,53,180,4,1,4,1
39,83,150,6,2,0,1
44,93,178,1,3,1,0
23,62,185,7,3,3,1
29,71,170,1,1,1,1
28,80,152,5,3,3,1
27,86,193,6,0,2,2
50,56,174,4,1,4,1
36,81,182,10,0,2,1
70,93,168,3,0,3,0
46,114,199,4,1,0,1
30,112,152,3,1,3,1
28,79,193,3,1,4,2
61,64,186,1,0,4,0
44,77,178,2,0,1,0
60,49,172,7,2,3,1
15,86,171,3,2,2,0
61,65,186,4,2,1,0
43,115,196,6,2,4,1
55,120,186,2,3,0,0
38,83,183,8,2,1,1
32,75,184,3,2,3,1
68,92,153,5,2,0,0
47,102,172,3,3,3,0
62,87,192,4,3,4,1
37,64,163,8,2,1,1
24,112,192,2,2,2,0
31,76,162,10,0,0,1
65,118,173,8,2,3,1
37,108,195,10,2,0,1
34,103,153,10,1,0,2
32,55,162,2,1,2,1
25,112,181,5,2,0,1
41,83,190,9,3,2,1
40,49,168,9,3,4,1
59,99,177,8,3,3,1
26,80,160,10,0,4,1
15,120,154,3,3,3,0
62,80,169,10,1,0,1
34,94,150,8,2,2,1
25,49,153,1,1,0,1
68,77,160,1,2,1,0
43,60,199,8,3,2,1
38,53,176,1,1,3,0
57,84,158,2,3,1,0
67,106,172,3,0,2,0
21,59,179,8,3,3,1
46,108,160,3,3,3,0
69,88,179,9,0,4,1
60,49,152,8,0,2,1
55,72,173,6,2,1,1
59,101,190,2,1,2,0
56,104,177,7,2,1,1
43,87,169,4,0,3,0
48,51,193,2,2,1,0
33,115,164,2,2,3,0
36,53,176,2,2,3,0
42,57,159,9,0,2,1
33,51,197,1,3,4,0
21,57,183,8,1,2,2
22,115,157,2,3,2,0
38,70,187,9,0,2,1
61,101,163,9,0,3,1
18,110,152,2,0,1,0
60,46,170,6,3,1,1
40,47,188,2,3,3,0
63,91,178,1,2,3,0
43,104,181,2,2,1,0
57,84,172,4,3,1,0
42,103,176,3,3,1,0
51,78,185,7,0,4,1
60,68,176,9,2,1,1
20,72,157,5,0,0,1
60,72,165,4,3,0,1
22,89,199,8,2,0,2
44,82,195,5,0,4,1
46,63,161,2,3,1,0
21,62,166,5,0,2,1
42,92,183,2,2,1,0
60,108,166,6,2,0,1
70,69,196,8,2,3,1
29,84,182,3,1,4,2
33,55,153,7,2,2,2
18,48,172,10,3,1,1
56,100,169,2,2,4,0
65,64,160,7,3,1,1
25,51,185,5,0,0,1
17,71,183,6,0,1,1
31,63,168,4,2,4,1
36,48,195,4,1,0,1
32,87,186,1,2,1,1
21,61,183,4,2,3,1
29,84,168,8,0,2,1
70,90,195,2,3,2,0
40,97,185,6,0,2,1
17,101,193,3,2,0,0
41,92,150,10,0,1,1
45,72,185,6,3,1,1
35,70,177,8,1,0,2
20,71,182,7,1,0,2
20,112,191,5,1,1,1
18,118,169,5,2,1,1
51,48,191,2,2,4,0
51,100,182,3,1,0,1
44,107,194,8,3,4,1
51,88,153,9,3,4,1
21,85,156,2,2,2,0
56,68,168,3,0,3,1
27,105,182,10,0,3,1
52,84,158,9,0,1,1
56,87,194,9,3,4,1
29,96,167,3,0,2,1
44,69,173,7,3,0,1
50,90,181,5,0,2,0
35,96,174,1,2,1,0
32,77,174,5,2,2,1
47,56,193,10,1,3,1
60,111,173,10,2,1,1
53,93,170,6,1,2,1
67,50,188,9,2,2,1
16,119,195,3,0,0,0
45,87,191,5,2,0,1
70,48,156,7,1,4,1
68,58,150,5,3,4,1
31,107,161,5,2,4,1
31,64,162,4,1,3,2
67,53,198,6,2,3,1
60,52,166,9,0,3,1
50,59,185,4,1,1,1
69,81,199,8,1,3,2
24,98,190,4,0,0,1
48,83,163,1,1,3,0
46,86,182,8,3,1,1
24,96,153,9,2,3,1
27,67,184,2,3,3,0
36,112,175,8,3,3,1
61,55,152,9,0,2,1
41,52,178,1,1,4,0
25,53,151,3,3,4,1
35,115,174,3,0,3,1
23,100,184,5,1,3,1
54,111,187,10,1,1,1
20,100,176,5,1,2,1
19,63,170,10,0,2,2
34,103,161,10,1,0,2
37,103,188,9,2,0,1
62,60,184,1,3,4,0
28,100,198,3,1,2,2
32,66,177,1,0,1,1
26,102,196,3,3,2,1
48,48,173,5,2,3,0
54,50,193,10,0,4,1
43,82,194,3,3,4,1
47,93,164,10,1,2,1
30,77,193,8,2,2,2
36,86,191,1,1,1,1
20,73,187,8,1,1,2
38,119,170,2,2,2,0
25,107,200,3,2,4,1
67,117,167,6,1,4,1
61,81,182,2,3,0,0
50,95,175,1,3,2,0
35,69,164,2,3,3,1
40,103,198,10,2,0,1
27,90,152,7,1,2,2
20,71,194,1,1,4,1
44,84,155,7,1,2,1
43,52,156,6,1,2,2
70,62,166,5,0,2,1
58,51,150,5,1,1,1
48,70,183,6,1,3,2
43,103,189,6,1,0,1
22,109,159,10,2,0,1
68,119,162,5,2,4,0
38,59,152,9,3,1,1
61,66,156,10,3,0,1
62,97,193,6,1,0,2
18,82,163,10,3,3,1
24,85,173,8,3,4,1
60,63,150,7,0,0,1
24,46,178,2,2,4,0
55,120,176,7,2,3,1
24,115,157,9,1,3,2
39,69,169,1,0,0,0
59,76,198,10,0,1,1
18,104,173,8,0,3,1
70,97,159,5,3,4,0
23,75,161,10,0,2,1
69,94,165,4,2,3,0
31,69,182,6,2,1,2
48,52,176,10,3,3,1
43,84,194,4,2,2,1
31,81,186,1,0,1,1
50,119,175,6,2,3,1
42,84,195,1,2,4,0
63,54,199,3,0,3,0
67,71,168,4,3,3,1
34,53,172,3,2,4,1
23,57,163,4,3,1,1
19,88,160,1,3,1,0
28,50,161,9,0,2,1
55,51,194,2,0,4,0
52,92,150,9,3,2,1
32,114,176,4,3,0,1
45,52,169,3,1,2,1
43,72,172,6,1,4,2
62,47,170,8,0,1,1
30,49,191,7,0,1,1
25,117,184,10,1,2,2
48,95,167,2,0,1,0
62,51,179,7,3,2,1
32,87,177,8,0,0,1
54,110,192,10,2,4,1
70,64,189,10,2,4,1
48,103,160,7,3,2,1
64,57,176,2,1,3,0
57,105,155,5,1,0,1
29,114,173,2,2,0,0
39,93,152,8,1,4,1
52,81,157,4,1,0,1
51,60,171,4,0,2,1
17,111,179,8,2,4,1
45,110,168,5,0,3,0
39,102,162,3,0,2,0
62,64,159,10,0,2,1
42,63,150,10,0,1,1
55,68,155,1,0,0,0
21,90,164,10,3,1,1
30,69,167,8,2,1,2
32,87,163,6,1,1,2
56,81,195,1,0,2,0
37,88,176,10,3,3,1
58,88,160,8,2,2,1
56,93,190,8,1,2,2
59,95,154,8,2,1,1
21,51,174,6,1,3,2
47,113,181,4,3,4,0
21,108,185,4,0,2,1
36,78,190,3,3,4,1
25,70,174,8,3,2,2
23,53,173,3,3,0,1
18,94,169,1,3,2,0
43,64,192,8,3,2,1
52,63,165,1,1,0,1
53,68,191,1,0,3,0
44,66,182,2,2,4,0
44,76,199,7,3,3,1
44,103,180,5,3,3,0
18,59,155,6,1,2,2
39,116,180,9,3,3,1
36,119,168,9,2,2,1
35,51,151,4,2,2,1
31,65,191,1,1,1,1
20,46,153,1,0,2,0
28,85,170,9,2,4,1
68,94,190,10,3,0,1
23,46,187,10,0,0,1
20,51,176,6,3,0,1
18,81,155,2,0,4,0
67,94,172,2,3,0,0
31,108,162,8,2,4,1
31,93,192,8,3,4,2
24,70,173,4,2,1,1
22,63,156,5,3,0,1
41,62,168,2,2,1,0
16,87,171,9,2,1,1
67,120,185,6,0,0,1
57,120,164,6,0,1,1
28,56,164,2,3,1,1
59,119,157,10,0,0,1
24,73,162,7,2,1,1
19,109,164,7,0,1,1
45,86,164,4,0,3,0
38,67,173,3,2,1,1
69,63,174,10,3,1,1
55,83,154,3,3,1,0
17,120,160,7,2,3,1
27,74,195,4,1,3,1
20,60,179,4,0,0,1
22,103,158,9,1,0,2
53,115,151,9,3,3,1
70,103,191,1,0,4,0
31,116,162,8,2,3,1
24,49,167,8,1,0,2
57,97,182,9,2,4,1
17,102,172,8,0,0,1
58,103,156,5,2,2,0
58,101,159,6,0,4,1
17,77,183,6,2,2,1
59,50,199,2,2,4,0
56,108,174,3,2,1,0
61,75,159,4,1,0,1
35,106,198,8,1,2,2
64,113,186,4,1,4,1
67,75,185,3,0,1,1
40,57,188,5,0,4,0
49,77,151,6,1,1,1
29,66,179,1,3,2,1
16,47,160,2,3,1,0
42,103,168,3,0,3,0
48,118,199,10,0,3,1
34,60,186,10,2,1,1
53,52,190,9,1,4,1
27,90,190,2,2,3,1
29,109,165,8,1,2,2
61,50,155,7,0,3,1
26,105,162,4,0,3,1
45,74,189,3,2,3,1
54,111,152,7,3,4,1
23,115,195,7,3,4,1
43,115,157,9,0,2,1
29,104,163,5,2,0,1
62,113,164,9,0,1,1
70,48,180,7,0,2,1
31,102,193,9,1,2,2
23,95,200,8,2,0,2
57,63,177,7,3,1,1
15,116,187,1,0,2,0
29,105,191,3,0,0,1
55,104,151,2,1,0,0
39,107,151,9,2,0,1
31,95,192,4,2,0,1
32,92,159,2,2,2,0
34,51,196,5,0,0,1
42,72,196,5,3,2,0
58,116,189,10,0,4,1
61,61,175,2,3,1,0
58,74,163,8,1,4,1
19,118,161,10,3,1,1
68,58,178,3,3,3,0
57,61,196,7,1,0,1
45,89,186,2,3,2,0
19,93,194,3,1,1,2
44,60,169,7,0,3,1
53,94,180,3,3,1,0
27,57,192,2,0,1,0
25,69,167,7,1,1,2
28,72,162,10,1,0,2
34,114,192,7,3,3,1
49,64,157,8,1,1,2
57,68,175,1,0,4,0
25,57,191,1,1,1,1
19,91,173,5,1,1,1
44,50,162,9,0,4,1
50,94,160,8,3,1,1
46,64,192,4,3,3,0
44,51,192,9,1,4,1
29,93,176,5,3,4,1
36,90,151,8,2,4,1
34,78,151,4,3,1,1
68,72,152,7,1,3,1
60,97,158,2,3,1,0
56,99,168,4,2,3,0
37,74,170,5,1,0,1
18,59,164,8,0,2,2
53,54,177,6,1,3,1
66,114,159,8,3,4,1
39,83,160,9,0,0,1
67,107,192,4,2,1,0
43,68,178,9,2,2,1
19,65,158,3,3,1,1
21,76,189,9,3,1,2
32,77,199,8,2,0,1
46,67,176,6,2,1,1
66,90,190,9,1,3,2
53,62,174,4,1,0,1
47,116,178,2,0,1,0
25,120,196,8,2,3,1
17,99,153,6,3,1,1
46,86,151,5,2,3,0
16,115,162,4,2,4,0
34,89,167,1,3,1,0
23,47,188,5,1,4,1
34,89,165,2,0,4,0
45,97,155,3,2,2,0
60,78,158,4,2,3,0
31,56,183,9,1,4,2
19,76,154,1,3,3,0
23,51,173,10,0,1,1
61,59,197,10,0,2,1
60,113,192,3,1,3,1
15,48,184,6,1,2,1
24,95,195,2,1,0,1
15,106,190,3,3,4,0
39,86,198,2,3,1,0
67,57,192,9,0,0,1
36,104,166,4,0,3,0
40,72,200,9,1,0,1
61,83,171,8,3,1,1
19,65,175,6,2,1,2
53,87,185,8,0,0,1
33,60,166,4,3,0,1
52,89,178,7,0,4,1
27,65,193,6,1,0,2
60,46,186,1,1,1,0
37,115,190,1,0,1,0
17,68,197,10,2,1,1
16,100,162,4,0,4,0
27,52,195,10,2,2,1
49,114,150,8,0,0,1
64,98,188,9,0,1,1
24,57,167,5,0,2,1
37,75,181,2,3,2,0
53,82,174,8,2,2,1
39,98,172,8,3,1,1
57,102,186,2,1,1,0
48,58,174,9,0,4,1
57,64,174,2,2,2,0
57,54,158,10,0,1,1
39,60,187,4,1,0,1
59,48,178,7,1,0,1
49,61,198,7,0,2,1
40,47,195,4,3,0,0
46,61,177,3,3,3,0
37,88,175,3,3,1,0
39,58,157,7,2,0,1
25,88,161,3,2,2,1
67,80,177,8,3,3,1
54,81,196,1,3,0,0
59,69,159,4,0,1,0
26,86,169,1,3,0,0
36,76,170,3,0,4,1
36,111,156,9,2,2,1
22,51,174,6,3,0,1
18,84,169,4,3,2,1
47,70,163,4,2,4,1
51,63,156,2,1,1,1
40,69,153,2,3,1,0
22,81,172,10,1,3,2
47,76,161,6,1,0,1
19,80,157,8,2,1,1
25,113,188,4,1,4,1
26,117,155,6,3,3,1
61,84,165,6,2,3,1
38,74,199,2,0,0,0
64,99,195,4,1,1,1
28,66,186,9,2,0,1
48,58,193,6,2,1,1
29,104,167,6,2,4,1
29,85,193,4,1,1,2
58,67,166,10,2,1,1
35,110,194,2,1,0,1
58,59,179,2,1,4,0
15,58,191,9,2,1,1
27,101,189,9,0,3,1
34,82,199,5,2,2,1
41,120,154,2,1,0,0
27,93,162,4,2,1,1
55,53,188,3,2,1,0
60,55,155,6,2,1,1
68,111,185,5,0,1,0
60,105,193,8,1,4,1
40,88,150,6,0,2,1
37,97,193,7,2,1,1
24,105,170,2,3,0,0
60,94,167,3,3,0,0
21,46,200,3,0,1,1
32,115,173,9,1,0,2
66,52,167,5,1,1,1
64,82,197,4,1,2,1
67,60,171,4,3,4,1
65,72,195,8,1,1,1
65,82,200,3,2,2,1
48,75,168,5,3,2,1
36,103,195,4,0,3,0
42,50,178,10,3,2,1
16,54,164,2,3,0,0
39,118,162,6,3,2,1
27,79,175,8,3,4,2
69,72,184,2,3,4,0
55,49,188,5,2,3,0
37,81,163,6,1,4,1
15,113,167,1,3,0,0
67,65,200,3,0,1,0
43,48,151,4,0,1,1
44,92,164,9,0,3,1
49,103,176,9,2,4,1
42,69,166,6,0,0,1
27,46,193,5,1,1,1
69,113,173,9,1,3,1
53,60,166,9,2,4,1
66,120,186,2,3,1,0
53,108,155,8,2,0,1
56,49,167,1,1,2,0
25,70,168,8,3,0,2
26,54,194,6,1,2,2
25,67,195,4,1,2,1
70,63,152,2,0,3,0
35,67,200,9,2,4,1
32,107,190,8,3,3,1
66,54,192,1,0,4,0
35,118,194,9,3,4,1
53,72,164,10,2,3,1
27,118,164,9,1,0,2
27,98,157,4,1,3,1
31,118,174,4,3,2,1
27,107,178,1,1,4,1
16,118,198,10,2,3,1
39,58,163,2,2,2,0
23,98,167,3,3,0,1
38,77,160,1,0,2,0
61,116,157,8,0,1,1
41,100,169,6,3,1,1
68,96,196,7,2,4,1
30,63,153,7,1,4,2
21,48,196,10,2,1,1
45,88,151,2,0,1,0
52,81,182,2,3,1,0
58,86,153,2,2,2,0
49,57,172,10,3,2,1
33,65,159,7,3,4,2
17,114,168,1,1,4,0
41,88,183,1,3,4,0
36,81,182,4,0,1,1
61,93,197,2,0,3,0
63,103,181,1,3,4,0
30,68,166,1,0,3,1
51,76,197,2,3,0,0
33,118,188,10,1,1,2
28,98,195,3,2,1,1
20,55,181,1,3,0,0
54,98,160,8,2,0,1
32,47,158,10,2,3,1
33,81,157,6,2,2,1
57,118,168,1,0,0,0
22,100,160,9,2,0,1
25,47,156,9,3,2,1
70,107,162,8,1,0,1
22,58,185,4,2,3,1
65,86,173,4,1,3,1
44,116,174,8,3,3,1
18,101,160,7,0,2,1
58,50,197,7,3,4,1
58,108,195,7,0,3,1
27,109,150,1,0,3,0
22,106,165,9,0,0,1
42,114,195,2,2,4,0
17,102,162,1,1,1,0
46,62,167,3,3,0,1
45,88,194,4,1,3,1
60,59,160,6,2,1,1
39,90,196,5,3,4,1
15,62,181,10,1,2,1
20,48,151,1,3,4,1
54,69,150,6,3,4,1
39,85,167,8,3,3,1
43,63,158,7,0,4,1
41,120,158,10,1,1,1
63,117,165,10,2,0,1
39,118,195,9,3,1,1
52,76,174,8,2,3,1
43,78,163,9,3,1,1
35,103,198,5,2,1,1
26,95,190,5,2,1,1
37,105,160,2,0,0,0
39,80,187,9,3,3,1
56,110,171,4,3,4,0
43,59,198,1,0,0,0
58,116,153,6,0,4,1
59,118,197,2,1,0,0
29,93,164,4,2,2,1
38,107,198,9,0,2,1
27,109,166,10,3,4,1
42,48,189,4,3,2,0
57,62,150,7,1,0,1
38,55,188,8,2,0,1
69,85,175,3,3,1,0
53,49,200,9,2,3,1
34,49,199,4,2,1,1
62,112,177,9,2,0,1
52,58,183,1,0,3,0
23,81,195,2,1,0,1
55,78,168,6,1,3,1
17,55,194,9,1,3,1
46,101,167,3,0,1,0
29,81,175,4,0,4,1
44,119,193,10,3,2,1
53,101,159,2,3,2,0
45,83,164,5,1,0,1
67,84,186,8,1,1,2
34,83,163,1,2,1,0
18,81,187,3,0,1,1
68,47,182,3,1,0,1
29,62,191,7,0,4,1
55,62,181,4,1,3,1
33,69,174,6,1,0,2
69,74,154,7,2,1,1
65,104,159,8,1,0,1
53,104,184,2,0,0,0
26,49,195,2,2,1,0
44,82,175,5,0,4,1
29,101,153,7,0,4,1
25,108,197,1,1,0,1
36,114,157,3,2,1,0
68,86,155,4,2,1,0
44,91,177,5,0,3,0
19,83,152,5,0,4,1
40,56,184,2,0,2,0
20,88,187,4,2,2,1
60,50,168,8,1,4,1
57,61,177,9,0,3,1
56,109,169,4,3,1,0
45,107,169,5,0,2,0
42,82,174,8,3,0,1
34,99,183,7,2,0,1
19,99,190,5,0,1,1
26,107,162,8,0,3,1
68,92,169,9,0,4,1
53,53,161,9,0,2,1
43,71,200,5,1,1,1
58,79,192,7,3,0,1
28,102,160,1,0,2,0
68,54,156,8,0,0,1
68,108,168,7,2,2,1
31,119,198,3,3,4,1
58,103,168,1,1,1,0
24,116,165,10,1,3,2
68,95,159,1,1,2,0
60,84,184,8,0,2,1
37,98,165,6,2,0,1
51,45,166,7,0,4,1
38,83,150,1,3,2,0
15,55,171,3,0,1,0
42,101,185,1,3,2,0
22,73,169,7,1,1,2
68,78,172,10,0,4,1
24,78,153,9,0,4,1
41,109,164,8,3,1,1
28,80,159,7,3,1,1
26,78,200,5,2,0,1
15,104,151,1,1,3,0
39,109,181,1,0,2,0
29,82,173,9,0,4,1
52,109,188,10,3,2,1
19,69,185,6,2,0,2
31,46,151,2,2,3,1
47,52,200,10,1,2,1
52,119,173,8,2,4,1
55,59,173,6,0,0,1
57,81,192,7,1,2,2
20,102,172,5,2,2,1
59,99,159,7,2,4,1
36,52,193,4,3,4,0
50,55,198,1,2,3,0
63,77,153,8,2,1,1
33,68,196,6,2,3,1
44,78,169,7,1,0,1
41,83,197,8,0,3,1
61,88,194,10,0,0,1
67,118,200,6,3,2,1
29,52,162,4,2,3,1
22,70,189,2,0,4,0
54,115,195,7,0,2,1
22,94,168,8,1,3,2
19,120,182,1,1,3,1
54,111,156,8,0,2,1
50,90,160,7,2,0,1
68,45,187,10,0,3,1
17,101,193,7,0,0,1
32,94,167,10,1,3,2
35,78,184,10,1,0,2
65,77,171,3,1,1,1
24,73,190,3,0,2,1
55,99,183,9,3,0,1
57,65,186,10,3,1,1
41,45,183,2,2,0,0
66,84,198,1,0,1,0
52,104,176,7,1,3,1
65,65,179,4,0,4,1
42,59,154,8,1,4,2
41,92,199,6,1,4,2
59,89,189,3,1,1,1
67,116,163,8,3,0,1
60,57,180,1,2,1,0
28,47,174,4,2,1,1
44,104,165,10,2,0,1
44,67,153,3,0,1,0
58,63,168,10,0,0,1
47,50,189,8,0,1,1
48,115,191,10,1,0,1
22,99,181,4,3,3,1
22,71,167,7,2,2,2
21,94,180,2,3,3,0
25,71,186,7,1,3,2
23,100,181,9,1,4,2
39,112,156,1,2,4,0
66,78,192,2,1,3,1
61,72,162,6,3,2,1
34,50,173,5,3,2,1
19,86,174,10,2,3,1
23,111,152,5,0,4,1
29,88,154,1,2,3,0
31,87,185,5,1,2,2
52,55,178,3,3,0,0
59,72,164,8,0,1,1
41,80,193,9,1,2,2
43,112,171,5,1,4,1
56,45,166,5,3,1,0
27,112,172,4,2,4,1
30,51,193,10,2,1,1
27,49,188,10,0,0,1
70,64,168,1,1,1,1
28,71,156,1,0,4,0
51,81,187,9,1,1,2
18,55,168,8,1,2,2
22,63,177,9,2,3,2
34,117,182,4,2,2,1
28,94,154,8,2,1,1
66,45,153,8,1,4,1
70,94,162,2,3,1,0
24,97,182,3,2,1,1
38,94,156,3,0,4,0
21,119,150,4,3,2,1
23,63,158,6,1,3,2
67,79,177,6,3,4,1
37,63,182,1,0,1,0
54,88,150,9,1,3,1
68,58,150,8,2,1,1
47,116,191,10,3,2,1
25,111,163,6,2,2,1
35,52,172,6,2,0,1
29,70,186,3,2,3,1
24,50,186,6,1,3,2
49,112,154,7,1,1,1
48,100,192,4,3,3,0
24,50,161,1,1,4,1
47,85,191,5,0,2,1
52,74,194,2,2,3,0
60,57,153,7,3,2,1
18,91,161,8,0,2,1
54,53,176,8,1,3,1
60,81,194,8,3,0,1
29,101,169,4,3,2,1
29,53,176,7,2,3,1
70,45,166,5,3,4,0
41,51,152,4,0,3,1
70,65,155,8,2,0,1
23,51,190,3,3,3,1
58,68,172,9,0,0,1
16,55,181,3,1,4,1
18,73,196,1,3,1,0
34,55,190,2,1,1,1
23,56,178,6,3,0,1
23,97,175,9,1,1,2
63,91,193,4,3,2,1
30,88,174,3,1,2,1
29,49,181,10,0,2,1
56,45,180,6,0,4,1
62,70,181,7,2,0,1
45,111,182,9,2,2,1
25,117,190,4,2,2,1
70,85,184,7,1,3,2
62,117,170,1,2,2,0
24,74,160,3,3,0,1
23,107,190,1,2,1,0
44,67,182,10,0,1,1
42,104,170,3,3,0,0
51,57,199,1,2,3,0
62,98,159,4,3,4,0
34,69,186,2,2,1,0
27,57,166,8,3,2,2
39,64,161,1,1,3,1
43,106,186,9,0,1,1
35,53,191,10,2,2,1
38,85,177,9,1,2,1
65,84,195,4,3,4,1
58,113,179,10,3,2,1
66,108,151,5,3,2,0
52,73,181,9,1,4,2
18,113,156,3,2,2,1
15,67,152,5,1,1,1
38,56,187,5,0,4,0
63,118,183,3,1,2,1
40,93,155,10,0,0,1
45,106,177,8,1,1,1
68,80,190,10,2,1,1
27,106,159,6,1,3,2
36,119,193,5,3,1,0
46,51,163,3,2,0,0
31,57,187,9,1,3,2
43,111,179,5,1,2,1
16,116,154,2,0,2,0
45,54,183,2,0,3,0
47,61,174,3,1,0,1
63,92,195,6,0,3,1
62,96,190,4,0,3,1
17,95,195,7,3,4,1
29,66,159,8,3,0,2
27,69,191,6,1,0,2
22,55,182,7,2,3,1
31,53,155,6,1,4,2
24,111,197,4,1,0,1
53,84,173,2,2,0,0
37,90,153,9,1,2,1
32,119,192,1,0,1,0
45,111,156,2,3,3,0
25,53,156,5,2,0,1
53,95,165,3,3,2,0
40,98,195,10,2,4,1
66,55,177,6,0,1,1
29,101,198,7,3,4,2
19,85,167,9,1,3,2
19,104,155,10,3,1,1
63,60,200,10,2,3,1
15,73,196,7,0,0,1
66,102,155,2,1,4,0
42,81,180,2,0,4,0
55,100,187,5,1,3,1
53,90,195,1,3,0,0
65,109,175,9,0,2,1
31,68,190,4,3,3,1
38,60,166,9,2,2,1
44,66,198,4,2,1,0
35,110,157,7,3,0,1
24,115,192,6,0,2,1
31,48,156,10,0,1,1
28,60,169,5,1,3,2
15,71,172,4,3,0,1
49,66,160,9,0,0,1
37,120,172,7,1,3,1
28,112,198,2,0,2,0
66,77,187,1,3,1,0
69,59,183,3,0,2,0
29,98,183,2,1,4,1
16,120,152,4,1,2,1
31,104,150,3,1,0,1
61,63,177,9,0,1,1
16,110,164,4,0,0,0
16,47,169,4,3,2,0
50,86,167,9,0,3,1
45,116,170,4,2,3,0
22,96,198,9,3,4,2
32,52,159,1,1,1,1
45,61,196,9,2,0,1
47,80,190,8,2,0,1
56,114,162,1,2,4,0
59,113,156,2,1,3,0
69,55,188,1,2,0,0
62,92,180,5,1,3,1
59,76,178,6,1,0,2
67,86,173,4,0,1,0
15,94,154,6,2,4,1
67,83,194,5,0,3,1
22,93,199,4,2,0,1
54,69,200,3,3,0,0
17,86,166,6,0,3,1
65,120,158,2,3,3,0
42,104,193,7,1,1,1
44,115,187,10,2,0,1
50,104,156,9,0,0,1
62,85,168,4,1,3,1
18,51,153,2,1,2,1
19,119,179,7,2,0,1
29,103,170,2,2,0,0
15,59,154,8,2,0,1
29,119,193,8,0,2,1
32,51,181,6,2,0,1
25,103,168,9,3,4,1
21,108,174,2,2,3,0
49,63,172,1,3,1,0
43,87,192,4,1,2,1
48,77,167,8,1,1,1
35,64,179,4,0,3,1
60,68,197,4,1,1,1
24,47,160,9,1,4,2
15,71,199,9,1,3,1
54,119,164,8,1,1,1
21,72,164,1,1,2,1
34,76,182,4,1,1,2
17,75,200,4,2,2,0
54,89,187,5,0,2,1
36,92,189,9,2,0,1
16,49,160,1,3,0,0
62,81,157,2,1,3,0
39,51,160,9,2,2,1
49,72,171,5,2,3,1
46,109,166,2,0,0,0
24,86,157,9,2,4,1
57,96,162,1,2,3,0
18,56,171,5,1,3,1
68,89,182,5,0,4,1
60,78,151,5,0,3,0
40,110,200,6,2,3,1
58,55,192,5,1,3,1
45,64,195,1,3,0,0
57,112,173,8,2,0,1
53,71,170,3,0,4,1
52,72,189,5,0,2,1
25,47,199,7,3,2,1
65,111,161,3,1,4,1
28,74,195,1,1,2,1
69,63,183,8,1,2,1
32,114,166,7,3,4,1
60,72,174,6,1,4,2
55,60,182,7,0,1,1
55,78,181,2,0,3,0
39,63,151,6,1,0,1
23,95,197,5,2,3,1
48,97,153,1,0,2,0
25,90,172,10,3,2,1
31,113,194,3,1,2,1
66,47,187,7,3,2,1
45,74,151,1,2,4,0
46,61,186,5,0,2,0
65,99,162,2,1,4,0
67,120,200,9,0,1,1
50,88,159,8,2,3,1
30,119,200,5,2,3,1
46,61,152,6,0,4,1
63,82,182,5,1,4,1
31,62,174,1,1,3,1
48,105,155,2,2,1,0
19,83,181,10,3,0,2
52,65,179,2,1,0,1
36,85,170,1,3,4,0
64,101,187,3,0,3,0
37,76,173,2,3,1,0
51,55,173,6,3,4,1
16,52,196,7,1,2,1
34,57,157,8,1,3,2
29,109,182,10,3,3,1
58,67,157,8,1,0,1
22,102,193,6,1,4,2
34,78,187,8,3,4,2
46,104,197,2,2,2,0
38,94,153,10,1,2,1
59,45,176,8,2,1,1
46,61,186,8,3,4,1
21,52,190,2,1,3,1
16,63,178,1,0,4,0
25,80,173,10,0,3,2
65,59,184,4,1,2,1
29,51,152,4,1,0,2
30,91,182,5,0,3,1
42,50,173,8,1,4,1
26,89,165,2,0,3,0
49,46,200,7,2,4,1
48,107,161,4,0,2,0
46,63,162,7,2,1,1
36,119,171,10,0,1,1
39,80,152,2,1,0,0
45,78,172,8,2,3,1
45,68,150,7,1,1,1
30,92,182,6,3,0,1
37,112,194,1,2,4,0
59,101,194,7,0,0,1
56,55,179,6,0,4,1
51,45,182,3,3,1,0
51,79,174,8,1,3,2
64,112,150,5,1,0,1
53,91,186,7,1,1,2
21,78,200,7,3,2,1
57,57,192,9,1,2,1
61,52,184,9,3,2,1
34,118,196,10,0,1,1
61,79,191,4,2,0,1
27,76,194,3,2,3,1
35,116,188,8,0,0,1
65,112,153,10,0,1,1
26,46,152,4,1,0,1
26,113,190,1,1,3,1
15,68,188,5,3,2,0
36,59,196,2,0,3,0
38,115,187,5,1,2,1
27,58,175,4,3,2,1
25,96,159,4,0,3,1
54,63,196,10,1,2,1
46,88,196,3,1,2,1
35,45,153,1,0,4,0
32,47,167,9,2,0,1
37,67,163,10,3,4,1
52,103,163,3,0,1,0
29,113,173,3,1,3,1
57,72,179,8,3,0,1
22,88,162,5,0,0,1
56,67,151,5,1,3,1
38,54,178,2,3,2,0
52,94,158,9,2,3,1
47,76,165,5,1,4,1
39,91,158,9,0,3,1
19,106,156,1,0,4,0
55,45,200,5,1,2,1
43,59,177,2,3,0,0
59,117,181,5,1,1,1
57,120,152,5,1,1,1
26,51,159,1,1,1,1
46,72,152,5,1,0,1
44,115,175,3,2,3,0
36,81,182,6,2,1,1
25,108,166,3,0,4,1
23,78,170,2,3,1,1
48,87,187,4,1,2,1
49,70,191,1,1,1,0
67,46,181,7,2,3,1
38,57,155,7,2,0,1
40,67,161,9,1,0,2
16,90,181,5,2,2,0
65,100,157,7,3,1,1
29,90,154,6,3,4,1
32,99,195,3,1,2,2
50,68,175,1,2,0,0
19,71,183,4,1,3,2
48,75,159,1,1,4,0
45,110,150,6,2,1,1
15,113,171,9,3,3,1
60,47,171,4,0,2,0
48,103,177,6,1,4,1
28,112,197,5,0,1,1
17,71,172,3,1,0,1
66,49,176,2,3,2,0
66,72,158,8,2,1,1
57,119,170,10,3,2,1
42,74,165,3,3,0,0
18,50,163,10,0,3,1
53,65,176,7,3,1,1
70,64,196,9,2,1,1
64,48,157,10,0,3,1
16,72,175,10,3,1,1
68,68,200,5,3,4,0
62,54,162,4,3,3,1
40,64,152,8,1,2,1
49,119,153,10,0,0,1
18,113,173,8,1,4,2
42,67,181,7,1,2,2
28,96,174,2,3,0,0
17,114,195,3,1,2,1
26,101,177,5,1,4,1
26,99,159,2,0,4,0
63,85,179,9,2,2,1
15,109,195,7,0,2,1
20,46,188,2,2,3,0
27,97,186,5,0,4,1
40,96,184,1,0,1,0
26,66,196,2,2,1,0
23,96,154,5,2,1,1
50,95,184,6,2,4,1
23,84,172,5,0,3,1
32,86,163,8,1,2,2
28,106,158,4,3,3,1
36,111,192,10,0,4,1
66,71,167,4,3,2,1
30,75,153,10,0,1,1
21,79,188,5,1,4,2
56,117,157,6,2,3,1
24,48,166,4,1,2,1
65,55,178,9,1,4,1
45,106,192,1,3,2,0
65,68,195,4,0,1,0
55,111,172,7,2,1,1
65,91,194,1,3,1,0
24,117,199,10,0,0,1
66,66,192,6,0,2,1
19,105,156,3,3,2,1
15,74,158,4,3,4,0
46,70,161,8,0,4,1
45,70,153,8,1,3,1
31,77,153,3,0,2,1
37,93,166,8,2,1,1
29,86,181,3,1,1,2
24,51,199,1,0,2,0
64,51,162,9,1,2,1
15,88,175,1,2,2,0
55,74,178,1,2,3,0
20,99,172,10,1,3,2
25,70,167,7,3,4,2
66,112,160,2,0,1,0
43,113,169,5,1,2,1
36,103,179,5,1,3,1
39,87,181,2,3,4,0
32,117,154,3,1,4,1
48,102,162,10,0,2,1
56,114,198,1,1,0,0
32,102,158,10,0,1,1
24,49,161,4,2,3,1
60,78,152,1,2,4,0
35,54,171,6,3,0,1
66,74,196,5,3,0,0
54,116,181,10,0,3,1
56,115,194,1,3,2,0
52,112,169,4,3,1,0
59,85,176,9,2,3,1
43,47,172,2,0,0,0
38,54,182,7,1,3,1
63,63,152,10,0,3,1
47,54,158,10,2,2,1
45,49,163,10,1,0,1
24,65,188,10,1,0,2
35,62,170,8,2,1,2
69,61,154,8,1,4,2
60,82,183,5,1,3,1
24,88,150,7,3,1,1
48,64,185,2,2,3,0
54,78,178,7,0,0,1
16,97,192,7,0,0,1
19,59,182,2,1,2,1
20,92,153,8,3,2,1
45,47,152,6,1,0,2
53,74,150,3,0,2,0
60,74,156,6,0,3,1
47,90,187,10,0,0,1
49,100,172,4,1,0,1
16,57,180,3,2,1,0
23,93,183,8,0,2,1
27,112,153,2,3,2,0
33,93,175,6,1,0,2
57,80,167,4,0,4,0
25,51,150,8,1,1,2
56,68,171,3,1,1,1
61,73,180,1,2,3,0
36,61,199,6,0,1,1
23,80,183,9,0,1,2
18,66,164,2,0,0,1
58,82,181,2,2,2,0
29,115,177,4,1,3,1
46,81,196,8,0,2,1
68,83,183,2,3,4,0
32,117,168,9,0,2,1
21,56,195,10,0,4,1
32,112,172,3,2,3,1
16,61,176,10,0,1,1
52,82,158,4,0,3,0
61,51,174,10,3,2,1
43,100,156,1,2,3,0
28,97,171,6,1,2,2
30,90,189,1,3,2,1
66,70,177,5,1,4,1
26,76,171,10,0,2,2
15,58,184,9,2,1,1
51,109,175,3,1,2,1
67,106,178,5,2,1,0
20,83,168,7,2,1,1
27,90,189,5,1,0,2
36,90,183,10,2,2,1
16,76,193,8,0,0,1
25,72,171,9,1,1,2
53,111,199,1,2,2,0
68,62,159,4,1,4,1
45,93,165,4,3,2,0
60,48,164,10,1,2,1
28,82,198,8,3,3,2
20,78,159,8,1,0,2
38,105,163,3,0,2,0
23,115,159,2,0,3,0
35,117,195,8,3,0,1
67,53,162,2,1,3,1
40,96,160,5,2,1,0
51,88,177,1,2,0,0
40,65,160,5,1,3,1
15,103,191,8,2,4,1
44,103,167,2,0,1,0
15,79,186,6,0,0,1
58,45,178,1,2,1,0
48,67,197,1,2,4,0
55,102,190,7,3,4,1
56,100,151,5,1,0,1
51,99,168,2,2,3,0
29,71,198,6,1,1,2
47,118,200,8,2,2,1
31,81,182,10,1,2,2
38,93,172,2,2,0,0
16,50,179,4,1,3,1
56,47,185,8,0,3,1
32,108,172,4,2,1,1
67,98,169,6,2,2,1
61,58,198,8,2,2,1
55,56,158,7,1,2,2
46,57,163,5,3,2,1
17,96,191,10,1,1,2
40,120,162,10,0,2,1
20,60,168,9,2,3,2
18,119,162,1,0,3,0
41,117,196,10,3,2,1
39,115,158,4,3,1,0
36,58,172,7,3,3,1
28,119,163,6,3,1,1
30,97,170,7,0,1,1
70,107,171,9,3,3,1
55,74,197,7,1,2,1
45,108,174,8,2,0,1
48,97,192,6,1,4,2
40,106,200,6,3,1,1
31,45,180,8,2,3,1
24,114,185,7,1,0,2
23,93,159,2,0,0,0
52,64,176,7,1,4,2
34,95,171,5,1,1,1
47,103,180,5,3,3,0
69,62,185,8,0,3,1
37,107,155,4,0,3,0
66,58,167,7,0,1,1
68,117,154,9,1,4,1
50,82,164,4,0,4,0
17,45,171,10,3,1,1
62,48,186,3,3,2,0
58,109,196,7,0,2,1
49,105,196,8,3,2,1
15,45,186,6,0,2,1
56,98,165,9,1,1,1
23,62,188,2,0,4,0
54,60,185,5,1,0,1
52,91,173,9,0,4,1
38,78,167,4,3,4,0
69,47,192,4,1,2,1
15,104,185,8,0,1,1
64,86,185,3,2,0,1
69,93,151,3,0,3,0
63,65,197,2,3,1,0
50,118,200,4,2,1,0
40,75,160,6,2,4,1
55,62,182,4,1,0,1
49,111,154,6,1,3,1
44,91,157,8,1,3,1
19,118,188,9,2,0,1
68,85,177,5,2,0,0
38,105,177,7,3,4,1
63,75,186,10,2,0,1
65,103,153,3,0,0,0
67,48,198,2,2,3,0
26,112,190,6,2,3,1
50,115,174,6,2,0,1
35,49,174,10,1,2,2
45,67,159,9,3,4,1
62,64,154,7,2,2,1
16,111,186,10,0,2,1
50,65,157,4,1,1,1
30,84,180,1,3,0,1
43,57,186,2,3,0,0
44,53,182,1,0,4,0
56,62,161,8,3,0,1
33,120,160,2,1,4,1
27,81,185,10,0,2,2
33,81,180,5,0,1,1
28,84,179,10,1,3,2
61,114,200,6,2,0,1
23,51,170,10,1,4,2
36,112,186,1,1,3,0
31,120,179,4,3,3,1
16,99,151,6,2,3,1
39,64,187,6,1,3,1
17,70,172,6,1,4,2
70,120,181,4,2,2,0
29,112,186,5,1,4,1
55,85,178,10,3,4,1
37,92,181,7,1,2,1
67,70,196,2,0,0,0
30,48,178,5,0,4,1
25,65,199,4,0,1,1
62,81,183,4,0,3,1
30,84,163,5,1,2,1
54,113,192,10,2,2,1
16,50,198,4,3,1,0
46,101,155,4,0,1,0
34,104,173,1,3,0,0
34,82,164,1,1,2,1
45,86,172,10,2,0,1
29,69,152,6,0,3,1
36,67,172,7,2,1,1
41,118,184,8,3,0,1
69,89,155,2,1,2,0
64,91,197,2,1,1,1
58,116,193,7,3,2,1
27,96,188,6,2,2,1
69,90,185,5,1,2,1
45,107,197,4,1,4,1
36,119,196,3,1,0,1
34,93,174,3,0,2,1
19,69,168,2,0,2,1
48,59,183,6,1,2,1
48,71,188,7,2,4,1
53,104,183,3,3,0,0
27,120,191,6,3,1,1
44,61,182,3,0,1,0
67,108,181,8,1,3,1
65,117,175,5,1,1,1
39,45,193,9,3,2,1
62,51,186,8,2,2,1
60,92,169,10,2,3,1
66,94,158,2,0,4,0
23,68,190,7,2,0,1
70,61,155,10,1,2,2
17,67,179,2,0,3,0
46,81,165,6,2,3,1
35,96,184,10,2,4,1
55,70,169,9,3,1,1
44,95,165,8,1,1,1
30,75,165,10,3,3,1
21,64,194,8,3,0,1
16,50,172,1,1,1,0
31,82,175,2,1,1,1
45,75,182,2,2,0,0
51,105,162,9,2,1,1
58,113,198,6,1,4,1
46,120,200,3,1,0,1
19,45,159,10,1,1,2
51,97,187,6,0,2,1
43,66,156,3,3,3,0
46,104,191,5,1,3,1
42,102,190,8,0,3,1
40,80,196,7,2,0,1
20,105,162,9,1,4,2
43,63,180,5,1,0,1
18,60,197,2,1,4,1
17,116,170,2,1,3,0
40,78,162,9,1,1,1
55,49,164,10,2,1,1
43,50,186,8,2,1,1
59,49,177,10,0,3,1
31,85,182,1,2,2,1
59,53,194,4,1,3,1
42,101,177,9,1,2,1
48,72,196,9,3,4,1
22,73,171,1,2,3,1
50,94,172,6,2,4,1
64,80,182,8,2,3,1
26,49,194,6,1,0,2
35,111,197,9,2,4,1
64,54,194,1,3,3,0
36,83,195,8,1,1,2
36,52,196,9,2,1,1
49,70,158,3,2,2,0
61,79,171,5,0,2,0
64,90,176,6,2,0,1
39,65,188,10,1,3,1
37,105,192,3,1,2,1
70,58,179,3,1,4,1
43,63,190,9,0,4,1
69,83,166,9,1,2,1
55,73,173,6,0,1,1
47,74,180,8,0,4,1
26,85,187,4,3,1,1
45,65,174,1,2,0,0
59,46,173,1,0,2,0
38,83,171,8,0,3,1
19,110,172,2,1,2,1
37,83,167,7,2,2,1
28,106,154,9,3,4,1
25,101,160,9,0,3,1
34,88,173,2,2,2,0
69,101,168,10,2,1,1
20,87,164,7,1,0,2
18,66,178,10,2,2,2
27,66,191,4,1,1,1
17,59,199,3,2,0,0
60,97,195,2,0,3,0
26,119,175,2,3,3,0
23,93,189,5,1,4,2
59,60,156,7,3,4,1
16,104,189,7,0,2,1
65,45,153,7,1,1,1
52,97,182,6,2,0,1
36,86,163,7,0,3,1
55,88,185,6,0,1,1
42,106,199,9,0,2,1
32,96,195,6,3,1,2
24,110,199,3,2,3,1
57,54,152,9,2,1,1
40,77,200,9,2,3,1
56,116,165,10,0,1,1
67,97,194,7,1,1,2
61,57,158,10,1,4,2
59,109,173,5,3,4,0
48,65,179,7,2,2,1
39,113,156,8,3,3,1
38,51,200,3,0,4,0
20,91,183,8,2,1,1
36,63,185,4,1,2,1
59,92,183,4,1,0,1
15,99,184,9,0,1,1
35,79,165,4,3,2,1
39,109,170,4,2,0,0
53,93,162,8,3,3,1
21,89,186,6,3,2,2
18,120,155,10,1,0,2
56,94,158,2,0,3,0
45,91,167,8,2,4,1
63,47,160,4,3,1,0
50,101,159,3,1,4,1
54,119,161,2,0,3,0
59,111,196,5,2,4,0
40,60,190,10,0,1,1
67,93,165,3,2,4,0
44,108,152,10,0,4,1
19,55,188,10,2,0,1
27,56,192,7,0,1,1
35,79,176,5,0,1,1
56,86,178,6,0,2,1
40,80,158,1,1,2,0
64,57,162,2,2,4,0
18,74,159,3,3,4,1
26,117,171,9,3,1,1
38,76,198,8,1,0,1
53,90,199,1,1,2,1
25,56,192,2,2,3,0
24,52,200,4,2,0,1
51,63,160,6,2,0,1
47,109,182,2,1,2,0
63,55,190,4,3,4,0
15,116,151,1,2,1,0
15,72,170,8,0,0,1
21,102,180,2,2,1,0
66,91,189,6,3,0,1
47,112,158,1,2,3,0
48,77,159,10,1,0,1
18,109,169,7,2,0,1
37,50,155,4,0,2,1
43,81,176,1,2,1,0
45,70,181,9,3,0,1
61,71,195,1,2,3,0
43,114,192,6,0,0,1
69,58,176,8,0,4,1
19,88,160,7,3,2,1
69,80,173,2,3,3,0
16,87,193,9,1,2,2
47,91,151,3,2,2,0
64,47,152,1,2,2,0
54,117,181,10,1,1,1
46,51,159,3,2,1,1
70,69,181,7,3,1,1
49,114,197,5,3,2,0
25,77,159,4,2,2,1
43,107,177,2,2,1,0
22,57,190,8,3,4,1
66,105,160,2,0,2,0
23,66,150,5,3,0,1
25,78,174,1,0,0,1
62,109,182,1,3,4,0
46,106,179,10,2,0,1
60,84,155,9,0,3,1
44,117,159,10,2,0,1
61,65,177,1,2,0,0
47,71,192,9,1,3,1
38,88,194,1,1,0,1
52,78,150,9,3,2,1
25,66,179,10,2,1,2
68,78,152,8,1,4,1
68,47,199,3,0,4,0
53,85,167,5,3,4,0
34,100,172,5,3,3,1
55,89,193,6,0,2,1
35,113,195,1,2,4,0
31,82,161,7,3,3,1
30,91,165,4,0,3,1
44,97,198,2,3,4,0
20,51,198,6,2,3,1
59,55,175,3,3,0,0
32,96,155,7,0,1,1
28,57,185,8,3,1,1
33,73,184,9,1,1,2
17,101,161,4,1,1,1
22,55,181,5,0,1,1
63,51,199,1,2,2,0
23,69,172,3,0,1,1
60,97,179,7,1,0,1
47,71,191,10,0,3,1
47,45,184,8,2,0,1
48,91,173,1,1,4,0
62,93,161,3,3,3,0
54,94,181,9,0,2,1
43,83,151,3,1,1,1
26,64,169,7,3,1,2
26,82,166,9,2,0,1
27,104,163,8,2,3,1
29,48,176,2,2,0,0
54,75,167,3,0,2,1
37,86,173,8,3,3,1
52,101,178,4,0,3,0
18,86,157,7,3,4,1
50,95,176,7,0,3,1
56,102,187,4,2,1,0
69,62,194,3,3,4,0
34,92,165,4,1,2,1
44,94,188,1,3,2,0
15,87,198,1,3,3,0
46,101,192,9,0,4,1
41,87,172,7,0,1,1
54,56,184,7,1,1,1
22,107,172,5,2,0,1
66,99,152,1,1,4,0
47,70,173,3,1,3,1
38,49,168,2,1,0,0
44,97,181,10,0,2,1
26,86,184,4,0,2,1
70,53,157,2,3,3,0
32,52,172,6,1,0,2
61,66,157,10,1,4,2
25,84,175,3,0,2,1
61,78,194,7,3,3,1
56,120,177,1,1,1,0
29,78,194,4,0,2,1
47,88,165,6,3,4,1
45,97,194,4,2,0,1
26,67,185,4,2,1,1
41,94,153,7,3,0,1
37,113,157,2,3,1,0
23,103,194,6,0,2,1
65,91,188,5,2,4,1
35,47,160,5,0,0,1
68,70,188,1,1,0,0
37,68,157,5,0,1,0
52,72,192,2,0,0,0
28,81,182,2,2,4,1
50,77,189,5,2,0,1
22,111,175,10,1,0,2
63,106,183,1,2,0,0
61,113,188,4,1,2,1
28,74,195,4,0,1,1
33,76,175,5,3,0,1
29,91,171,9,0,3,1
51,97,181,8,2,2,1
15,102,160,10,0,0,1
24,49,173,8,3,0,1
37,80,172,9,3,3,1
60,97,193,1,1,1,1
50,75,162,10,3,3,1
43,99,175,9,0,4,1
55,61,156,10,1,4,2
53,109,175,8,2,4,1
65,67,187,1,3,0,0
24,70,151,9,3,1,1
48,112,190,4,3,0,0
17,96,197,2,2,3,0
61,51,164,4,2,0,0
41,101,179,3,2,2,0
36,94,155,4,3,4,0
66,101,178,9,0,0,1
20,85,178,3,0,2,1
20,56,172,2,0,2,0
66,62,170,10,2,0,1
26,66,200,1,0,1,0
63,82,157,10,2,4,1
26,49,176,6,3,1,1
64,64,157,2,0,3,0
25,84,171,4,0,0,1
56,75,178,8,2,1,1
55,98,196,4,3,0,1
62,115,154,4,3,3,0
64,75,173,5,3,3,1
30,104,172,3,0,4,1
57,94,181,10,1,4,1
31,69,186,5,2,0,1
36,89,150,4,0,2,0
18,58,167,7,2,4,2
52,50,172,9,2,1,1
30,96,150,6,2,1,1
42,101,154,5,0,3,0
38,109,187,2,1,4,0
63,90,184,1,3,0,0
44,91,151,6,1,4,1
62,80,177,7,0,2,1
28,58,181,6,2,3,1
66,98,179,7,1,2,1
32,111,160,5,1,2,1
37,97,159,4,3,2,0
35,58,168,5,1,4,2
48,92,189,1,0,0,0
55,93,190,8,2,1,1
21,96,175,2,0,0,0
68,45,189,4,0,2,0
31,82,171,9,3,0,1
24,79,199,7,0,3,1
48,90,185,8,2,3,1
67,45,187,10,1,0,1
40,83,178,4,2,1,1
22,56,189,2,3,4,0
18,93,189,8,1,4,2
48,92,196,6,2,2,1
49,46,192,2,1,4,0
50,110,166,1,2,3,0
32,102,175,5,3,4,1
58,111,185,8,2,1,1
30,80,157,7,0,1,1
64,100,196,4,3,3,1
40,112,162,6,0,0,1
19,118,179,9,3,3,1
33,113,168,5,3,3,1
32,77,190,9,0,3,2
49,66,193,6,0,4,1
21,58,180,8,1,2,2
52,103,175,8,1,1,1
51,113,152,1,2,3,0
42,90,197,5,0,2,1
22,102,172,8,3,3,1
65,80,188,6,3,0,1
38,85,163,7,2,1,1
65,52,182,6,0,4,1
70,89,151,10,3,2,1
60,55,200,10,1,2,1
48,86,151,5,1,0,1
17,100,197,4,0,3,1
36,99,192,5,2,3,1
48,118,150,4,1,1,1
52,111,168,9,1,1,1
50,92,171,1,1,0,0
28,56,182,8,1,2,2
32,87,191,8,3,4,2
32,113,169,9,3,3,1
52,69,183,1,0,3,0
61,72,180,6,1,2,2
61,71,163,8,1,3,2
61,69,170,10,3,0,1
47,68,179,9,3,4,1
31,85,164,4,3,1,1
48,74,200,4,0,1,0
22,88,162,7,0,2,1
53,118,184,7,1,4,1
68,118,169,8,2,2,1
46,86,186,1,3,0,0
27,87,168,3,0,3,1
69,83,181,5,3,3,1
21,116,200,5,3,0,1
17,117,171,7,3,2,1
63,91,166,9,2,4,1
68,91,181,7,1,0,1
45,71,174,6,2,2,1
23,101,152,2,3,3,0
15,100,193,3,0,1,1
61,87,184,6,0,3,1
53,116,194,5,0,0,0
47,90,163,8,2,4,1
66,62,184,2,3,4,0
58,87,186,3,1,0,1
56,90,163,4,0,1,0
16,68,166,7,0,3,1
58,59,150,1,3,2,0
62,84,180,1,2,3,0
65,106,193,2,1,0,0
35,83,152,7,0,1,1
55,98,192,8,1,0,2
58,103,170,9,3,1,1
52,108,169,9,0,3,1
54,65,167,2,1,4,1
20,119,198,10,2,4,1
27,112,198,7,0,0,1
15,61,184,2,2,2,0
19,89,188,7,3,4,2
49,61,193,10,1,0,1
28,102,174,9,0,3,1
65,50,167,4,2,1,0
47,108,153,3,3,2,0
57,58,158,8,0,4,1
19,100,187,1,0,4,0
70,61,186,6,3,3,1
34,51,191,9,2,3,1
43,94,164,9,1,1,1
32,52,164,2,3,4,0
38,103,186,7,3,4,1
42,102,190,7,2,2,1
51,55,157,8,1,2,2
32,54,159,8,0,1,2
39,93,191,5,2,3,1
55,108,190,5,1,4,1
53,79,168,4,2,1,0
61,93,195,8,3,4,1
52,113,184,5,0,1,0
35,110,167,5,0,3,1
63,71,195,5,3,2,0
67,114,169,4,2,4,0
16,80,189,4,3,2,1
47,53,164,3,0,3,0
70,89,182,4,3,3,1
58,68,182,6,3,4,1
64,67,175,2,0,1,0
59,48,187,1,0,3,0
23,80,185,2,0,2,1
17,57,167,9,0,2,1
69,97,199,5,2,3,1
22,84,177,8,0,1,2
20,65,185,2,3,4,0
23,111,183,6,1,2,2
18,50,186,3,0,0,1
37,64,185,9,3,4,1
28,108,183,2,1,0,1
29,51,159,10,2,0,2
35,55,184,9,0,1,1
33,78,188,1,0,1,1
15,116,171,2,3,0,0
42,62,170,6,2,3,1
67,80,181,10,3,3,1
45,66,161,9,1,1,2
50,103,193,6,3,3,1
48,120,165,6,2,2,1
20,103,179,4,2,1,1
62,108,177,7,2,1,1
17,80,155,10,3,0,1
23,71,184,3,3,1,1
41,104,175,4,3,0,0
29,105,184,9,1,4,2
70,66,185,6,3,3,1
48,53,187,10,2,3,1
38,74,170,2,3,2,0
24,65,178,9,1,2,2
46,117,190,6,2,1,1
55,67,154,6,1,0,1
62,78,160,7,1,3,1
27,81,187,6,3,1,2
68,100,196,5,2,2,1
24,80,183,5,0,1,1
15,95,200,4,0,4,1
63,46,193,6,2,3,1
19,75,163,4,3,3,1
61,103,163,7,0,2,1
19,92,167,3,2,1,1
36,57,184,2,0,1,0
21,69,160,9,3,1,2
16,86,193,8,3,2,1
59,51,161,5,0,0,0
53,58,151,9,3,0,1
50,112,178,9,0,0,1
15,97,171,7,2,1,1
20,56,179,4,0,1,1
52,90,153,9,0,0,1
46,119,171,9,1,3,1
39,106,188,5,3,0,0
52,48,189,3,3,3,0
33,91,165,6,3,4,1
61,46,174,9,1,0,1
57,113,160,7,3,0,1
21,99,163,3,1,3,1
16,53,195,9,1,3,1
48,51,186,10,0,0,1
62,49,163,1,3,4,0
20,74,174,7,2,0,2
48,89,160,9,0,2,1
54,65,159,8,1,3,2
33,65,150,5,0,2,1
62,85,194,3,3,4,1
39,110,183,1,1,0,0
60,108,153,9,0,0,1
52,104,172,7,1,4,1
70,117,166,1,2,1,0
32,49,172,8,1,3,2
48,114,158,7,0,2,1
60,93,179,6,0,2,1
47,71,179,6,2,0,1
18,118,151,8,3,0,1
35,94,155,1,0,1,0
40,110,193,9,1,3,1
36,71,172,6,1,3,2
34,52,190,1,1,2,1
30,94,178,10,3,1,1
17,100,160,4,1,1,1
30,101,153,4,1,2,1
29,48,159,2,0,4,0
40,60,176,10,2,2,1
38,89,152,9,1,2,1
16,107,166,3,1,1,1
65,119,192,2,3,2,0
39,70,158,8,1,2,1
61,105,185,10,0,2,1
68,117,196,1,1,2,0
25,69,153,9,3,0,1
55,106,168,2,3,3,0
44,61,150,2,3,3,0
43,102,157,8,3,1,1
50,63,189,1,2,4,0
42,104,181,9,3,2,1
54,94,189,7,3,0,1
19,116,181,3,1,1,1
19,87,178,6,2,0,1
19,83,179,8,1,3,2
49,74,200,10,1,4,1
41,47,170,7,1,4,1
20,82,200,10,1,4,2
50,73,188,7,0,2,1
68,90,154,8,1,1,1
34,117,195,3,1,3,1
49,73,161,6,0,0,1
62,104,165,9,0,3,1
68,101,198,4,3,0,1
16,119,155,6,0,1,1
59,52,160,6,3,4,1
27,70,169,5,1,3,2
47,83,177,10,0,1,1
31,59,156,3,2,2,1
31,113,153,10,1,1,2
38,101,189,6,2,3,1
49,112,151,5,0,3,0
39,75,151,10,1,2,1
62,64,154,1,2,2,0
66,52,173,7,2,3,1
25,97,159,8,3,1,1
47,114,159,9,2,1,1
33,109,166,10,0,4,1
19,120,184,2,1,0,1
48,108,170,10,2,1,1
34,98,167,5,0,3,1
32,107,153,8,0,0,1
63,77,177,10,3,0,1
16,104,181,2,1,3,0
54,104,153,3,3,3,0
39,91,183,6,2,2,1
67,110,172,10,0,0,1
48,111,189,3,1,0,1
27,75,192,4,2,1,1
29,119,178,5,3,2,1
24,74,152,6,0,0,1
51,92,159,6,0,4,1
19,113,190,1,2,1,0
29,54,175,9,1,1,2
50,104,170,9,2,1,1
61,65,172,4,2,2,1
23,76,194,3,2,3,1
42,75,170,5,3,0,1
65,62,179,2,0,3,0
19,87,187,6,2,2,2
30,79,167,10,2,3,1
42,101,171,8,0,1,1
26,49,172,6,0,2,1
29,75,151,4,3,4,1
16,95,154,8,3,0,1
69,57,166,1,1,3,1
19,68,185,1,3,0,0
64,79,173,8,1,1,2
50,107,191,5,1,4,1
30,95,167,4,3,2,1
66,57,164,6,2,0,1
28,57,150,10,2,3,2
25,67,174,2,1,1,1
61,115,183,5,0,1,0
19,85,171,9,1,3,2
16,99,179,1,0,4,0
47,66,190,7,0,2,1
66,51,169,7,0,1,1
41,61,154,7,3,3,1
51,94,194,8,1,0,2
28,65,182,10,3,4,1
55,119,200,4,3,3,0
27,66,150,5,0,4,1
65,66,172,8,2,4,1
36,110,192,7,0,0,1
22,61,190,3,2,1,1
34,71,162,4,3,2,1
34,62,187,8,3,4,1
41,111,153,2,1,4,0
58,102,161,2,0,2,0
21,107,158,6,3,0,1
67,102,155,3,1,1,1
43,68,183,7,2,2,1
50,52,200,2,0,2,0
61,46,182,10,0,1,1
55,75,165,9,3,2,1
53,100,179,4,2,2,0
36,114,192,2,2,2,0
58,102,153,1,1,0,0
46,119,184,1,2,4,0
56,103,171,7,0,0,1
38,95,187,2,3,3,0
37,103,156,7,0,3,1
56,63,199,2,0,3,0
70,120,184,9,0,2,1
59,82,178,7,2,0,1
15,108,160,5,0,3,0
59,108,188,1,2,3,0
38,108,160,1,0,2,0
36,56,192,5,3,3,0
57,49,166,10,1,3,1
69,95,183,2,2,2,0
42,98,186,8,3,0,1
41,55,187,9,2,1,1
22,95,193,7,3,3,2
20,93,161,1,0,2,0
34,67,166,8,1,2,2
61,99,188,5,1,3,1
55,104,191,8,1,1,1
20,98,165,10,1,1,2
66,101,184,6,2,2,1
50,87,150,10,0,3,1
57,73,171,9,1,1,2
68,45,188,10,1,2,1
39,64,150,10,3,4,1
30,62,157,7,3,0,2
61,55,164,1,3,3,0
67,84,178,2,2,2,0
23,113,168,5,2,4,1
46,90,178,2,2,2,0
53,45,159,3,0,4,0
32,92,197,7,1,0,2
55,102,188,1,2,1,0
62,47,162,7,3,0,1
46,103,164,1,2,1,0
59,73,156,5,0,0,0
27,107,186,2,3,1,0
15,78,168,1,3,0,0
15,50,154,7,0,3,1
23,59,164,6,0,3,2
22,68,155,5,3,1,1
61,46,187,1,0,2,0
53,108,155,9,2,4,1
25,67,174,4,2,4,1
52,53,179,10,2,3,1
65,49,169,1,3,0,0
58,79,161,3,2,3,0
65,86,151,8,3,0,1
64,85,179,3,0,2,1
31,59,196,8,0,1,1
55,50,159,4,2,1,0
53,76,191,8,0,2,1
57,55,160,5,1,1,1
65,70,198,3,0,4,0
47,92,190,7,3,2,1
26,88,196,8,1,1,2
43,117,176,1,0,4,0
49,95,173,3,1,2,1
32,104,155,10,2,2,1
66,57,172,9,0,2,1
46,119,180,7,3,3,1
23,95,193,10,1,3,2
36,48,156,6,3,3,1
35,88,164,10,0,4,1
55,103,159,10,2,3,1
48,69,179,7,1,1,2
63,84,153,7,1,2,1
35,115,170,2,1,2,1
36,79,191,4,3,4,1
60,102,196,2,0,2,0
42,80,160,5,2,2,0
24,74,195,1,3,4,0
47,110,188,7,3,0,1
52,66,175,8,3,3,1
30,59,159,8,1,3,2
62,75,172,2,2,1,0
19,45,164,7,3,1,1
34,119,191,5,3,3,1
19,84,189,2,0,2,1
70,53,162,2,3,0,0
26,83,166,9,0,4,1
68,67,173,4,3,2,1
29,103,190,10,3,4,1
61,71,179,9,2,3,1
44,92,185,8,3,1,1
69,72,186,2,3,1,0
47,120,198,10,1,4,1
38,91,156,6,3,3,1
70,45,155,8,0,2,1
57,117,199,6,1,3,1
68,81,195,4,3,1,1
40,84,193,4,1,1,1
56,119,198,7,3,2,1
15,45,185,2,2,4,0
54,100,184,3,3,4,0
15,61,150,5,2,2,0
15,55,174,5,0,2,0
26,45,191,7,1,0,2
70,75,193,2,3,1,0
67,86,163,2,2,1,0
42,105,200,3,0,0,1
52,111,162,7,3,4,1
39,55,162,8,2,2,1
53,105,184,5,3,1,0
67,118,186,9,3,4,1
15,85,195,4,2,0,1
53,81,170,9,1,3,1
49,111,158,9,0,1,1
47,63,173,7,0,1,1
21,54,163,1,1,1,1
53,93,193,6,3,2,1
17,89,152,6,3,3,1
39,65,186,6,0,0,1
29,109,158,3,0,3,1
34,61,172,10,0,4,2
50,87,197,2,1,0,1
50,85,182,1,3,2,0
47,53,199,10,1,2,1
36,105,151,9,0,2,1
64,98,164,4,1,1,1
67,81,186,10,0,2,1
55,112,196,6,2,4,1
31,61,161,1,1,2,1
70,82,195,7,0,1,1
26,104,153,6,2,4,1
18,79,171,8,3,3,1
54,81,157,6,2,1,1
49,110,171,7,0,4,1
53,51,173,5,2,2,0
23,96,166,2,0,3,0
29,48,155,8,3,1,1
63,84,153,9,2,0,1
33,116,180,9,3,1,1
68,88,196,6,1,1,2
39,45,178,2,1,2,0
70,102,188,3,0,2,0
38,53,156,5,2,0,1
39,52,160,6,3,2,1
30,93,162,8,2,4,1
45,54,165,4,0,1,0
61,49,170,4,1,4,1
39,69,185,9,2,2,1
36,102,183,1,0,1,0
41,100,199,8,3,1,1
67,66,180,2,1,0,1
42,117,196,2,0,0,0
67,98,155,3,1,2,1
65,107,169,6,0,3,1
60,115,196,6,2,0,1
63,90,172,10,3,0,1
36,115,153,6,2,3,1
48,47,181,5,3,2,0
15,113,189,4,1,1,1
45,113,178,5,3,4,0
53,119,153,3,0,1,0
43,47,188,5,3,3,0
21,116,184,7,1,0,2
55,85,197,4,0,3,1
59,107,196,2,1,1,0
35,81,170,6,3,0,1
20,60,175,10,1,3,2
38,74,161,2,0,3,0
68,73,191,1,0,3,0
64,71,161,1,0,4,0
37,120,169,5,0,1,0
47,109,195,5,2,0,0
57,104,173,5,1,2,1
21,109,196,7,0,1,1
27,61,152,7,0,3,2
63,98,167,6,2,0,1
55,55,179,10,0,1,1
27,71,159,2,3,2,0
52,66,181,4,0,4,1
15,98,193,1,2,3,0
24,80,197,10,1,0,2
21,77,185,4,2,2,1
37,83,170,6,3,4,1
47,98,158,6,0,1,1
42,78,168,2,1,1,0
17,77,179,2,3,1,0
48,107,150,2,3,3,0
69,117,163,9,2,4,1
39,77,180,7,1,1,2
61,55,163,7,0,4,1
28,76,159,7,0,3,1
46,51,168,1,2,1,0
47,64,188,6,3,3,1
35,120,192,2,1,1,1
17,61,155,10,1,4,2
30,78,155,3,3,2,1
34,50,158,2,0,3,1
17,117,164,7,1,3,1
22,80,151,6,1,3,2
19,65,189,5,1,4,1
59,84,198,9,1,2,2
38,60,197,7,3,1,1
33,82,167,6,1,3,2
33,48,199,7,3,3,1
42,64,178,2,1,4,1
35,96,151,3,0,1,1
19,57,194,10,2,1,1
31,102,195,1,0,2,1
21,62,168,2,1,0,1
61,99,154,2,2,3,0
20,79,171,4,0,2,1
63,57,154,7,0,1,1
29,67,194,3,2,1,1
65,104,174,4,1,1,1
19,119,150,6,0,3,1
59,88,160,7,3,0,1
53,47,170,10,1,1,1
30,54,161,3,1,2,2
49,47,157,5,0,1,0
26,104,190,7,0,0,1
29,103,192,9,3,4,1
59,90,162,6,1,4,1
47,49,154,9,2,2,1
70,117,177,3,2,0,0
34,116,163,10,0,3,1
56,75,193,4,3,1,1
17,90,151,6,0,3,1
70,83,183,2,2,1,0
63,52,152,7,2,2,1
27,85,167,7,3,1,1
53,103,173,2,3,2,0
46,116,168,4,2,2,0
67,91,181,1,2,0,0
21,69,169,10,1,3,2
48,103,189,7,1,3,1
24,64,198,2,3,4,0
44,59,197,6,2,1,1
38,56,173,7,2,4,1
23,86,193,6,0,1,2
64,53,163,5,1,1,1
27,99,152,7,2,2,1
64,53,155,7,2,1,1
27,51,158,3,1,2,2
68,68,189,5,1,1,1
43,114,192,1,1,3,0
52,94,166,10,3,0,1
39,108,163,7,0,2,1
20,111,182,1,3,3,0
46,70,199,9,3,4,1
15,64,195,7,3,2,1
60,100,150,9,3,3,1
50,49,169,5,1,3,1
61,58,196,2,0,3,0
69,53,180,4,2,2,0
64,74,164,1,3,3,0
15,83,187,8,1,4,2
32,105,174,3,2,1,1
21,104,154,2,2,2,0
39,74,171,7,0,2,1
54,100,190,3,2,0,0
21,102,172,3,2,3,1
58,48,176,5,3,3,0
55,102,186,9,3,0,1
34,109,180,3,2,0,1
21,112,176,9,3,0,1
30,50,162,2,3,2,0
46,72,151,9,0,3,1
69,65,182,9,1,0,1
67,88,179,7,2,2,1
69,62,173,2,2,4,0
38,76,191,6,1,0,2
59,77,165,7,0,2,1
69,52,172,5,0,3,0
56,111,150,7,3,4,1
54,82,180,2,0,1,0
38,112,197,2,2,0,0
46,78,190,7,1,2,2
61,80,189,3,1,3,1
27,114,156,1,1,1,1
64,63,198,5,1,0,1
19,56,162,2,2,2,1
29,90,172,3,3,3,1
32,109,164,7,3,3,1
36,113,150,10,1,4,1
25,70,167,8,0,4,2
31,85,160,5,1,2,1
46,59,196,6,0,1,1
66,108,178,4,3,3,0
44,54,189,10,3,2,1
15,46,158,5,3,3,0
21,84,159,10,1,1,2
19,114,165,3,1,4,1
32,47,161,2,3,1,0
65,102,151,8,3,2,1
55,70,188,5,2,1,0
28,83,195,1,2,2,1
26,61,172,2,2,1,1
28,79,177,9,0,3,2
41,109,168,8,2,4,1
35,53,184,4,1,4,1
25,50,190,2,3,1,0
19,103,160,8,2,1,1
35,93,155,2,2,3,0
35,50,200,5,2,2,1
38,90,183,7,0,0,1
30,114,169,1,3,3,0
63,99,166,2,1,3,0
54,111,187,2,1,2,0
39,108,169,2,1,2,0
65,105,195,10,1,2,1
49,53,150,3,3,0,1
42,64,150,1,2,3,0
43,108,169,8,3,1,1
65,79,161,9,2,2,1
66,65,161,5,3,4,1
25,49,198,7,3,2,1
65,71,165,10,3,0,1
19,97,200,5,0,3,1
30,60,182,2,2,0,0
59,79,177,9,2,0,1
21,69,183,9,3,3,2
53,47,164,6,2,1,1
26,119,189,7,2,4,1
24,83,170,3,1,1,1
52,74,152,5,0,3,0
55,103,166,3,3,3,0
70,81,163,1,1,2,0
52,119,164,8,0,4,1
36,103,158,4,2,2,0
22,82,158,7,1,3,2
65,68,190,10,2,0,1
55,79,165,10,0,2,1
68,120,162,2,3,3,0
18,73,163,2,3,0,0
68,101,182,6,0,1,1
37,54,193,9,0,2,1
64,79,160,6,3,3,1
35,53,199,8,2,1,1
61,109,181,10,1,4,1
28,75,158,5,1,2,1
23,90,155,3,0,1,1
15,74,159,2,1,0,0
46,89,185,7,0,1,1
63,88,178,7,1,2,1
68,64,156,1,0,4,0
18,98,184,9,2,1,1
25,83,168,4,3,1,1
51,108,183,10,0,1,1
16,52,184,8,1,4,1
19,117,186,2,3,1,0
56,95,182,2,2,1,0
35,110,180,4,3,3,1
70,89,159,10,3,2,1
66,45,159,8,0,1,1
51,55,164,7,3,0,1
17,102,159,9,1,4,1
21,101,199,4,2,2,1
47,117,196,2,2,0,0
30,92,172,6,1,1,2
25,107,164,6,3,0,1
18,64,181,3,0,2,1
39,87,173,6,1,2,1
65,56,172,3,0,2,0
20,45,162,1,2,1,0
51,120,171,6,0,4,1
69,105,152,10,2,2,1
70,67,194,9,0,0,1
39,77,190,9,3,4,1
41,104,184,8,0,1,1
31,94,183,5,1,4,1
48,54,191,9,2,3,1
59,87,180,9,2,2,1
37,55,194,2,2,3,0
63,45,186,6,2,3,1
52,99,179,4,1,3,1
67,82,159,7,0,1,1
66,49,152,3,1,0,1
69,48,153,10,0,4,1
52,77,153,3,0,1,0
44,89,184,2,0,2,0
36,97,178,6,3,4,1
68,61,191,10,0,3,1
32,80,190,8,1,4,2
47,117,166,1,1,4,0
69,91,163,10,3,1,1
27,70,185,8,0,0,2
32,81,199,9,2,4,2
18,101,172,7,1,2,2
43,63,183,2,0,3,0
46,58,173,2,2,3,0
64,54,160,5,3,0,1
62,118,187,4,2,1,0
69,81,190,9,0,3,1
65,67,164,3,0,3,1
18,52,157,3,1,3,2
20,46,155,2,0,0,0
45,79,192,10,2,1,1
39,79,190,9,2,4,1
22,109,192,7,0,3,1
53,77,150,10,0,4,1
18,52,165,2,3,3,0
27,98,177,6,0,0,1
32,66,172,10,3,0,2
27,48,163,10,1,1,2
47,108,150,6,2,1,1
50,65,197,6,1,2,1
44,115,190,6,2,1,1
25,89,196,9,3,2,2
27,62,161,2,0,2,1
27,48,174,3,2,2,1
44,89,150,2,3,0,0
63,80,157,9,3,0,1
31,74,160,1,3,2,0
70,76,165,2,2,3,0
55,65,169,2,0,0,0
67,75,197,2,0,2,0
54,95,187,8,2,4,1
35,46,183,4,3,4,1
57,77,162,9,3,2,1
59,81,158,10,1,2,1
34,94,156,6,1,3,2
64,69,185,1,0,3,0
15,74,165,9,0,1,1
58,61,162,5,3,2,1
59,65,160,7,1,1,2
27,109,157,3,3,1,1
29,88,163,2,0,0,0
58,66,195,8,3,4,1
52,72,151,5,0,4,0
46,65,184,2,0,3,0
17,66,185,6,1,3,1
45,79,200,8,0,4,1
58,62,166,10,1,1,2
43,88,164,6,0,4,1
33,52,195,6,1,3,2
61,71,177,8,2,1,1
68,81,166,8,2,3,1
59,69,172,6,0,4,1
26,75,156,9,3,4,1
25,107,200,5,3,1,1
33,77,156,6,3,0,1
18,88,174,7,1,2,2
40,55,182,7,2,0,1
55,112,195,8,1,3,1
66,76,199,1,2,0,0
57,59,169,4,2,0,1
45,53,185,4,3,3,0
21,49,194,3,1,0,1
30,100,195,4,3,1,1
32,120,171,3,2,0,1
51,114,179,10,3,2,1
47,65,191,7,0,4,1
17,112,196,6,3,2,1
16,76,157,9,3,2,1
30,98,186,4,1,0,1
18,100,184,1,1,0,1
24,99,168,2,1,2,1
21,88,167,10,0,4,1
21,90,193,1,0,1,1
15,62,192,10,2,4,1
28,98,197,8,1,1,2
43,56,198,3,2,2,0
36,96,158,5,0,4,0
27,80,193,9,1,2,2
62,109,155,7,3,1,1
30,58,176,7,0,4,1
46,88,188,5,3,2,1
41,49,160,7,2,0,1
24,75,168,5,1,2,2
54,91,192,9,3,0,1
20,54,178,8,3,0,1
15,84,178,10,2,2,1
36,70,169,8,0,3,1
22,104,156,10,1,0,2
70,53,179,10,2,2,1
41,119,175,10,1,1,1
32,80,171,9,3,0,1
42,84,179,4,1,2,1
33,55,195,9,1,1,2
66,69,152,2,2,1,0
70,58,181,5,3,4,0
34,107,200,2,0,2,1
61,70,187,5,1,4,1
64,110,185,1,0,4,0
26,109,171,7,3,2,1
62,62,173,5,1,2,1
56,102,199,5,3,3,1
15,77,153,6,2,1,1
50,95,186,2,1,0,0
42,117,194,6,1,0,1
54,118,175,7,3,4,1
30,112,180,6,1,4,2
28,57,151,4,0,3,1
17,61,176,9,0,2,1
47,81,158,8,2,2,1
26,116,176,1,0,1,0
36,115,193,7,2,3,1
25,92,174,8,1,0,2
36,63,167,5,3,3,1
55,46,183,1,2,0,0
63,89,169,7,1,2,1
26,108,169,3,2,1,1
40,98,184,4,1,2,1
58,93,195,6,0,2,1
19,66,171,7,3,3,2
34,75,179,7,2,3,2
38,45,161,9,3,3,1
65,61,154,2,0,4,0
23,88,185,5,1,1,2
69,75,174,5,1,0,1
45,62,152,9,0,0,1
32,78,150,4,2,1,1
16,73,159,4,2,0,0
21,109,170,4,1,1,1
15,80,166,5,2,1,0
38,64,195,7,2,0,1
16,107,152,6,0,0,1
40,47,195,9,0,0,1
52,75,187,4,3,2,1
42,67,154,7,3,3,1
37,113,197,4,1,1,1
17,69,190,4,0,4,0
21,118,195,4,0,3,1
50,77,152,2,3,0,0
44,64,167,2,0,2,0
59,100,165,6,2,1,1
53,101,200,8,2,3,1
66,96,178,1,1,0,0
62,88,198,4,1,1,1
40,84,159,5,1,4,1
20,97,169,7,1,0,2
59,57,163,8,3,3,1
47,109,185,7,3,3,1
27,86,155,7,2,1,1
62,56,155,8,2,4,1
15,112,181,8,3,0,1
23,64,182,4,0,2,1
29,70,168,6,2,0,2
41,120,153,8,1,4,1
67,46,162,6,1,4,1
27,76,152,10,0,4,1
34,54,184,3,3,4,1
19,101,152,2,2,4,0
44,101,164,9,3,0,1
40,46,151,7,1,4,2
23,87,159,5,1,4,1
59,79,183,6,3,4,1
46,71,187,9,3,0,1
20,82,178,5,3,3,1
15,47,157,2,2,2,0
31,47,187,6,2,4,1
25,104,178,8,2,4,1
51,61,198,10,2,0,1
39,75,197,7,1,0,1
48,112,174,3,3,2,0
63,53,169,10,1,1,1
43,105,190,9,2,0,1
70,102,189,9,1,3,1
20,68,198,9,0,4,1
34,113,176,10,0,1,1
65,112,195,5,0,1,0
60,91,153,7,0,1,1
58,77,173,4,3,2,1
42,96,171,5,1,1,1
65,63,178,7,3,1,1
35,84,181,5,0,3,1
49,104,184,10,2,0,1
25,103,176,9,3,1,1
67,50,162,3,3,0,0
63,64,173,5,2,3,1
57,61,200,9,0,0,1
40,47,169,3,1,0,1
20,114,176,3,0,4,1
42,63,182,1,1,0,0
64,66,178,4,0,0,1
52,71,183,9,0,0,1
36,107,198,1,0,2,0
49,101,196,5,0,2,1
39,86,187,5,1,3,1
27,58,170,3,0,0,1
47,66,161,5,0,2,1
60,74,183,4,1,3,1
15,108,171,4,3,3,0
57,93,159,9,2,3,1
60,54,189,8,0,2,1
15,96,195,8,2,2,1
47,105,167,10,2,1,1
16,90,183,9,1,0,2
17,56,199,9,2,1,1
69,104,186,9,0,1,1
53,94,200,2,2,3,0
40,80,156,10,3,2,1
20,48,189,3,3,1,1
46,106,160,5,0,1,0
50,73,188,1,1,3,1
43,88,174,4,3,2,0
16,65,156,9,1,4,2
32,118,186,4,2,1,1
45,84,180,8,3,0,1
17,117,192,1,0,0,0
64,107,167,1,3,4,0
21,51,174,5,0,1,1
69,110,165,7,0,3,1
40,111,198,5,0,4,0
34,72,199,3,3,2,1
21,55,150,1,1,3,1
52,67,195,2,2,1,0
44,81,200,6,1,0,2
46,120,182,5,3,0,0
41,90,172,1,2,2,0
44,55,151,3,2,4,1
49,85,184,10,2,3,1
38,89,180,7,3,3,1
48,50,151,10,1,0,2
48,65,189,7,1,1,1
66,112,166,6,1,4,1
58,49,157,6,0,2,1
30,70,166,8,3,1,2
41,110,173,7,0,2,1
47,61,164,10,1,1,2
65,70,183,1,0,3,0
64,91,162,3,3,3,0
15,65,171,9,0,4,1
43,101,155,8,1,4,1
58,99,186,10,3,0,1
16,104,165,9,3,3,1
34,63,198,7,1,1,2
20,110,170,7,0,1,1
43,78,196,6,3,0,1
67,49,160,4,0,1,0
35,80,181,1,1,4,1
17,115,159,3,2,4,0
44,49,200,1,3,1,0
43,47,169,6,3,4,1
61,78,192,3,1,3,1
33,107,184,8,1,4,2
64,60,200,1,3,0,0
54,51,177,2,1,0,0
45,78,152,7,0,4,1
38,49,196,6,2,1,1
15,75,189,10,2,0,1
52,116,196,1,2,0,0
18,65,168,6,0,0,2
43,67,184,9,2,4,1
24,106,173,10,1,3,2
36,97,199,1,0,4,0
29,91,180,1,1,2,1
50,108,166,6,2,1,1
22,57,179,8,2,0,1
41,67,197,3,1,2,1
51,94,157,9,3,0,1
58,97,182,10,2,0,1
30,98,175,7,2,0,1
68,86,195,8,0,2,1
16,119,188,9,3,1,1
58,79,198,8,1,1,2
61,98,160,10,2,1,1
30,90,197,5,0,3,1
29,89,191,10,3,2,2
37,52,154,4,3,3,1
27,81,167,2,2,3,0
32,120,171,1,3,0,0
29,94,154,2,1,2,1
41,82,198,4,0,0,1
34,88,154,1,0,4,0
59,52,187,3,0,1,0
52,113,167,7,0,2,1
58,66,181,6,2,4,1
39,83,165,7,1,2,1
55,45,194,3,0,3,0
16,106,177,3,1,4,1
70,47,169,5,1,1,1
22,117,195,3,3,2,1
20,89,176,9,0,2,1
53,75,178,8,0,1,1
29,97,167,2,3,2,0
29,115,185,10,2,4,1
36,82,195,7,1,4,2
24,92,154,1,1,4,1
69,114,167,3,3,1,0
53,81,195,2,0,3,0
18,113,192,6,1,1,2
64,101,174,5,2,0,0
33,114,162,7,1,2,2
47,73,199,10,2,0,1
56,48,173,5,0,2,0
68,98,160,10,2,3,1
64,93,158,2,1,4,0
46,78,159,6,1,4,1
50,97,169,8,3,0,1
24,46,163,3,0,4,1
49,108,190,8,3,1,1
45,108,161,9,3,1,1
69,61,154,5,3,4,1
54,92,177,4,0,4,0
32,104,191,4,1,2,1
15,111,158,9,2,1,1
54,81,176,9,3,0,1
16,70,184,8,1,1,2
64,109,179,5,3,2,0
18,65,156,2,1,4,1
24,54,175,6,2,4,1
70,55,156,2,3,0,0
47,88,177,5,3,2,0
32,52,171,8,1,3,2
48,71,161,1,3,4,0
41,116,150,5,0,4,0
49,105,150,6,0,1,1
22,63,171,1,3,2,1
45,66,197,9,1,2,1
24,45,198,3,2,3,1
69,65,173,7,2,0,1
51,54,177,9,3,4,1
58,56,200,7,2,4,1
20,54,164,9,1,2,2
62,101,179,2,2,3,0
44,73,159,4,3,4,0
38,57,183,2,2,3,0
65,84,152,1,1,2,0
24,100,175,10,3,1,1
63,81,172,2,2,3,0
67,62,180,2,0,4,0
56,104,182,4,0,2,0
45,58,172,9,2,1,1
61,98,161,2,2,3,0
45,109,196,10,3,2,1
70,67,195,5,3,2,0
56,96,150,10,1,0,1
41,85,153,6,0,0,1
70,71,174,9,3,1,1
33,69,169,7,1,4,2
65,86,181,4,3,2,1
51,54,161,3,0,0,1
29,71,176,10,1,2,2
17,72,161,8,2,0,1
47,78,174,7,0,0,1
26,106,193,9,2,4,1
64,45,165,10,1,3,1
56,89,167,1,0,3,0
38,69,193,2,0,1,0
22,106,160,7,0,2,1
38,52,191,7,1,4,1
56,53,151,10,0,0,1
39,62,171,6,0,0,1
70,80,176,2,3,4,0
63,64,193,5,0,4,0
34,55,152,5,1,4,2
24,115,193,3,0,2,1
42,56,186,10,0,2,1
17,113,162,6,3,3,1
68,83,177,3,0,3,1
22,54,163,1,3,4,1
57,96,160,2,1,3,0
23,114,166,1,0,1,0
54,80,198,3,1,3,1
48,81,164,1,1,1,0
69,106,178,6,1,0,1
65,63,191,10,1,1,1
54,84,174,9,1,4,1
55,105,191,5,3,4,0
58,78,177,6,2,0,1
29,60,190,3,1,0,1
48,108,171,9,0,4,1
24,76,190,7,1,3,2
18,49,199,1,2,2,0
65,106,187,7,1,4,1
40,104,183,5,2,2,0
67,114,182,1,3,3,0
70,71,190,9,2,1,1
62,79,169,4,1,4,1
30,48,193,8,1,0,2
29,90,181,6,1,2,2
51,71,165,5,3,3,1
29,51,155,4,0,0,1
44,88,191,1,0,3,0
37,66,197,9,2,4,1
39,117,172,8,2,4,1
57,69,185,8,0,2,1
52,62,175,7,0,2,1
21,62,198,2,0,0,0
15,72,152,1,1,0,0
55,45,183,5,2,2,0
40,47,167,5,0,1,0
19,55,189,1,2,1,0
16,100,186,9,1,1,1
15,116,176,2,0,0,0
41,78,185,4,2,2,1
62,105,157,10,1,2,1
25,49,160,7,2,4,1
38,46,185,1,1,1,0
48,66,163,9,3,4,1
25,68,166,8,2,4,2
46,117,154,6,1,0,1
67,115,158,7,0,0,1
45,81,181,8,0,2,1
66,91,152,10,1,3,1
45,56,160,1,3,2,0
32,82,199,3,3,4,1
64,115,182,8,0,3,1
56,49,188,6,0,1,1
42,50,183,3,2,0,0
61,78,192,4,0,4,1
25,102,198,2,1,1,1
22,105,185,1,3,3,0
27,88,173,2,1,2,1
18,108,177,9,0,1,1
51,51,199,8,2,1,1
66,58,199,2,1,0,0
28,52,191,1,2,3,0
39,65,168,1,0,3,0
19,70,166,8,3,2,2
53,117,161,5,3,3,0
60,87,178,3,3,0,0
31,119,187,8,1,2,2
20,102,177,6,2,1,1
52,54,172,1,2,0,0
41,113,157,9,2,3,1
39,106,176,1,3,2,0
49,73,175,1,0,4,0
33,74,192,8,3,2,2
53,76,176,2,2,3,0
42,79,188,9,2,0,1
42,79,162,1,3,4,0
60,51,157,6,2,1,1
52,113,174,1,1,4,0
59,74,191,5,3,0,1
29,93,161,7,1,3,2
35,83,193,5,1,3,2
61,90,167,5,3,2,0
62,69,172,7,0,1,1
50,112,177,10,2,0,1
68,109,151,6,0,3,1
43,97,163,9,2,1,1
48,110,181,2,0,2,0
42,63,160,4,0,1,1
55,80,175,6,1,0,2
49,75,156,5,3,0,0
55,91,170,4,3,0,0
22,89,157,6,0,0,1
37,119,187,6,0,2,1
23,47,176,5,2,2,1
67,75,190,7,1,0,2
65,114,175,6,1,3,1
27,103,175,3,3,2,1
39,111,172,6,3,4,1
41,73,196,2,1,3,0
23,80,150,8,2,2,1
64,95,159,7,0,3,1
18,111,170,8,0,1,1
26,94,195,6,0,0,2
44,118,198,10,2,4,1
69,45,187,9,0,2,1
42,58,155,8,2,1,1
69,106,172,5,1,1,1
67,74,152,8,3,1,1
30,88,151,9,0,4,1
30,88,194,8,0,1,2
32,55,162,3,0,4,1
40,89,171,3,2,3,0
60,69,161,4,3,4,1
38,89,154,3,3,1,0
47,113,150,6,3,1,1
59,55,150,7,1,2,2
46,109,172,2,0,4,0
41,113,187,5,0,4,0
49,67,169,9,1,3,2
60,48,189,7,3,2,1
47,75,164,10,3,3,1
43,99,155,5,3,4,0
63,80,189,4,1,0,1
68,103,180,1,1,3,0
31,85,168,2,3,2,0
28,77,171,6,0,1,2
27,85,196,6,1,0,2
26,108,192,8,0,1,1
56,119,176,4,1,0,1
16,80,158,8,2,2,1
63,110,163,10,1,0,1
29,60,192,8,2,0,1
23,116,194,1,1,3,1
15,103,152,7,3,1,1
25,83,162,4,3,3,1
49,72,173,9,0,1,1
61,97,195,10,2,0,1
24,67,193,6,2,4,1
43,73,200,5,3,2,0
20,80,196,2,1,1,1
38,111,171,4,3,2,0
45,78,150,3,0,0,0
62,63,194,6,3,2,1
47,74,193,5,3,4,0
27,103,167,3,1,0,1
63,105,159,5,2,3,0
62,103,154,3,3,0,0
56,114,153,6,3,4,1
33,90,195,2,2,0,1
17,118,186,3,2,4,0
63,57,189,9,0,3,1
59,100,153,4,3,0,0
69,75,157,6,0,4,1
23,74,184,4,0,2,1
61,68,169,5,1,1,1
50,88,164,3,1,2,1
24,70,191,6,2,1,1
61,53,196,1,0,4,0
42,113,180,1,3,4,0
46,68,170,5,2,4,1
17,105,157,6,2,1,1
57,64,195,1,3,1,0
25,71,164,10,3,3,2
52,53,172,4,2,1,0
56,86,189,1,1,0,1
61,68,198,3,2,2,0
46,112,192,2,0,1,0
18,66,150,10,0,4,1
48,96,197,10,2,3,1
22,119,189,1,3,3,0
37,53,161,6,1,1,2
33,120,156,1,0,2,0
15,110,184,7,0,3,1
54,78,152,4,2,1,0
40,79,168,3,0,3,0
22,78,177,5,1,3,2
57,115,150,2,2,1,0
15,53,155,3,2,3,1
20,101,194,9,1,0,2
18,45,192,5,3,2,1
32,50,186,3,3,4,1
48,98,189,8,0,2,1
19,104,195,10,1,3,2
43,50,178,5,1,3,1
40,51,195,4,0,1,0
68,88,190,7,3,2,1
21,64,175,8,0,2,2
54,60,193,6,2,1,1
65,120,190,9,0,1,1
36,59,150,10,1,0,2
47,97,182,5,1,2,1
53,97,168,3,0,2,0
60,90,175,6,0,2,1
15,120,173,5,1,4,1
30,70,197,10,1,0,2
51,95,167,3,3,4,0
36,67,189,7,0,4,1
64,86,180,8,2,3,1
52,64,197,5,0,4,0
22,49,156,4,0,2,1
33,103,199,2,1,2,1
42,70,155,7,0,0,1
57,54,176,10,1,3,1
35,70,195,9,0,0,1
70,61,197,4,1,1,1
20,111,181,1,1,2,1
56,101,173,10,0,3,1
29,79,188,6,0,2,2
60,120,182,10,3,4,1
25,75,186,1,2,4,1
58,115,179,10,3,3,1
50,80,155,8,0,4,1
35,111,175,4,2,4,1
50,53,157,7,2,3,1
32,111,163,3,1,2,1
66,99,174,2,3,4,0
21,50,189,2,3,0,0
70,112,161,6,1,1,1
42,108,195,2,2,0,0
30,95,187,8,0,0,1
52,95,192,2,0,2,0
41,60,160,7,3,3,1
42,116,174,7,0,4,1
50,61,178,3,0,3,0
55,117,162,7,1,2,1
56,87,188,8,2,2,1
43,85,160,4,1,4,1
18,82,169,5,0,0,1
29,57,151,6,3,4,2
52,107,195,1,3,0,0
63,58,198,3,0,2,0
57,118,196,3,1,0,1
62,92,172,10,3,4,1
45,89,173,6,0,4,1
36,99,189,2,2,2,0
49,112,185,4,3,3,0
24,96,194,3,3,0,1
40,66,184,1,1,3,0
17,115,183,2,0,1,0
66,54,184,6,3,0,1
26,45,175,9,1,4,2
58,81,155,7,0,1,1
43,70,192,10,2,3,1
64,73,159,3,2,0,0
52,74,156,4,2,2,0
18,62,151,6,1,4,2
58,45,168,7,0,3,1
23,60,157,1,3,0,1
34,71,164,9,0,0,2
47,113,186,1,3,1,0
17,97,198,4,1,0,1
60,95,159,9,2,0,1
22,86,186,7,3,2,2
60,95,183,9,0,1,1
53,90,167,6,2,3,1
48,80,159,10,0,3,1
68,54,191,10,3,3,1
58,114,165,4,2,3,0
47,82,180,1,0,2,0
55,67,188,4,2,4,0
63,97,152,10,0,4,1
15,87,190,4,1,2,1
30,84,189,3,1,4,2
68,73,150,10,3,3,1
53,81,183,10,3,1,1
30,116,179,9,2,2,1
68,101,197,9,2,4,1
36,45,173,8,0,4,1
16,67,160,5,1,3,1
63,112,193,3,1,3,1
58,54,184,8,2,0,1
23,46,177,1,1,3,1
21,69,193,3,3,0,1
32,65,195,7,1,3,2
47,105,163,2,2,2,0
45,61,172,3,1,1,1
16,66,152,3,1,2,1
21,99,174,10,2,1,1
24,92,176,5,2,1,1
39,103,169,9,0,2,1
51,95,175,1,0,1,0
24,87,185,3,1,0,2
38,89,170,1,2,1,0
64,69,174,9,3,1,1
47,90,166,8,2,4,1
57,74,197,8,1,4,1
44,119,173,10,0,1,1
59,56,152,7,1,2,2
15,105,171,3,0,0,0
48,63,191,8,1,1,1
43,65,179,6,2,2,1
64,81,152,1,3,4,0
52,69,200,7,1,4,1
24,78,151,1,3,0,0
27,96,194,2,2,2,1
54,58,178,3,0,1,0
66,72,192,5,0,1,0
32,111,168,9,3,3,1
32,103,198,6,3,2,2
20,82,196,8,1,0,2
33,95,192,7,3,3,2
49,116,181,2,3,1,0
17,119,179,8,0,3,1
39,110,159,4,0,4,0
35,87,187,9,1,3,2
44,116,153,7,3,4,1
61,60,179,2,3,1,0
56,51,164,4,1,3,1
21,64,184,4,0,4,1
45,47,177,9,1,0,1
20,98,174,6,0,4,1
36,85,181,7,2,2,1
35,86,180,7,2,4,2
29,78,168,9,0,1,1
55,68,184,7,1,2,2
70,46,170,7,1,1,1
53,97,195,4,2,2,1
26,55,187,8,0,0,1
54,102,194,9,3,4,1
59,67,180,4,3,3,1
34,84,172,8,3,3,1
57,77,170,7,1,0,2
48,57,159,6,0,1,1
60,92,155,4,0,3,0
56,73,171,2,3,2,0
33,111,179,10,0,0,1
36,118,180,2,3,3,0
53,91,195,6,0,2,1
45,52,177,2,1,0,0
66,48,191,7,3,2,1
27,73,159,10,0,4,1
63,93,160,2,1,3,0
24,81,199,2,0,4,1
31,66,171,4,1,2,2
49,80,195,3,2,2,1
62,117,173,10,0,3,1
63,79,150,10,2,1,1
29,45,167,2,0,2,0
20,62,192,2,0,1,0
36,45,200,2,1,1,0
43,69,152,4,1,4,1
24,85,155,8,0,4,1
44,51,151,8,0,3,1
57,119,166,4,0,1,0
61,86,195,7,0,2,1
21,50,161,4,2,3,1
58,99,153,6,3,0,1
30,106,154,10,1,1,2
18,95,178,3,0,2,1
62,68,165,10,0,3,1
28,55,151,10,0,1,2
20,79,178,9,1,3,2
35,87,195,7,2,4,2
28,50,155,2,2,3,1
30,94,179,3,2,3,1
17,46,198,4,3,3,0
16,74,179,8,0,4,1
64,94,157,7,0,0,1
65,110,179,6,2,0,1
23,57,194,8,3,0,1
20,85,159,3,3,3,1
42,47,151,4,3,1,1
39,87,191,3,0,0,1
42,75,192,8,2,0,1
51,52,188,2,3,0,0
70,48,197,8,2,3,1
15,55,192,8,1,4,1
57,45,166,3,3,4,0
23,82,195,4,3,4,1
65,94,155,5,3,3,0
68,86,186,1,0,1,0
35,63,174,9,3,4,2
52,84,150,1,1,0,0
43,48,189,5,2,4,0
27,53,183,1,1,3,1
27,110,162,9,2,0,1
51,112,192,6,3,2,1
27,60,167,2,2,2,1
52,115,188,9,2,2,1
70,62,169,4,3,1,1
40,59,151,7,1,3,2
22,68,153,6,2,2,1
31,91,154,6,3,4,1
40,71,195,7,0,0,1
59,96,169,7,3,2,1
20,112,187,9,0,0,1
47,78,167,4,0,2,0
64,94,191,10,3,4,1
50,51,151,3,3,3,1
28,109,194,8,1,0,2
40,91,160,8,2,3,1
25,69,176,8,0,4,2
17,115,195,4,0,4,0
67,64,195,4,2,3,0
59,93,200,5,2,2,1
67,77,189,6,3,1,1
36,95,186,9,3,0,1
44,61,190,1,0,1,0
20,120,166,10,3,4,1
55,114,162,4,1,3,1
41,85,190,5,1,4,1
39,118,180,10,0,0,1
55,88,152,1,2,3,0
21,79,163,5,0,0,1
53,113,197,10,3,3,1
56,79,168,5,0,3,0
61,92,197,2,1,2,1
49,94,193,2,2,0,0
61,84,176,8,0,2,1
28,120,168,7,1,4,2
32,57,185,4,3,2,1
34,59,198,9,2,0,1
52,58,151,2,3,0,0
35,115,174,2,2,4,0
69,48,193,3,1,2,1
30,87,160,9,2,4,1
47,51,164,6,0,2,1
27,113,167,10,3,1,1
22,119,194,3,3,2,1
37,60,199,5,2,2,0
18,49,177,6,0,4,1
63,48,184,2,2,2,0
40,46,195,4,0,2,0
62,93,183,9,0,2,1
26,105,189,5,1,3,1
65,90,193,8,1,1,2
52,101,176,6,1,1,1
56,72,156,1,3,1,0
70,78,168,10,3,4,1
29,67,198,7,3,0,1
16,62,195,7,0,1,1
65,105,199,10,2,1,1
25,105,154,8,1,4,2
42,47,200,2,1,4,0
30,52,151,5,2,3,1
64,117,182,7,0,0,1
22,109,179,8,3,4,1
56,58,191,10,0,1,1
17,78,195,5,1,3,1
48,48,197,4,2,3,0
16,97,170,2,0,4,0
37,84,184,6,0,2,1
70,97,189,7,3,3,1
68,90,182,1,3,2,0
39,106,181,10,1,2,1
22,53,164,4,0,2,1
54,114,158,1,1,4,0
62,91,164,9,2,4,1
69,104,165,3,2,1,0
45,60,180,2,1,3,0
31,108,168,2,3,3,0
21,60,188,3,3,1,1
19,88,169,9,3,3,1
17,91,162,10,2,0,1
21,84,188,2,2,3,1
47,69,157,5,3,2,0
26,71,196,2,2,3,0
52,119,163,1,2,0,0
44,116,195,6,1,2,1
48,52,193,3,3,2,0
31,97,183,3,2,4,1
25,106,177,3,1,3,1
15,57,172,9,0,4,1
68,96,173,5,1,0,1
58,117,165,1,1,0,0
54,87,182,4,3,4,1
61,58,174,10,0,2,1
68,117,163,8,3,1,1
43,97,197,8,3,4,1
25,113,155,6,3,1,1
48,63,193,9,3,3,1
52,60,184,6,1,0,1
32,90,195,7,2,4,2
35,62,152,7,3,1,2
63,52,150,1,1,2,1
69,72,174,7,2,4,1
61,95,165,10,2,1,1
54,115,150,9,1,2,1
35,93,162,4,2,1,1
68,104,199,3,3,4,1
35,88,176,9,2,2,1
20,59,160,10,1,1,2
21,86,200,1,1,2,1
69,98,168,10,3,3,1
38,74,164,3,2,1,0
52,99,196,6,3,2,1
39,78,180,4,3,3,1
34,58,156,4,0,4,1
47,80,173,10,0,0,1
39,108,151,10,2,4,1
54,91,182,9,0,4,1
31,102,188,5,2,4,1
48,107,198,8,0,3,1
46,70,164,3,0,4,1
61,51,182,8,0,4,1
24,47,198,10,2,0,1
43,112,151,9,2,1,1
16,64,188,5,2,1,0
62,91,180,2,1,3,0
28,66,186,4,0,1,1
30,119,169,5,3,0,1
68,117,168,4,0,4,0
31,65,198,4,0,0,1
31,49,159,7,0,4,1
60,61,154,10,0,4,1
20,119,157,2,0,1,0
70,85,168,3,2,4,0
21,91,189,10,2,3,2
55,48,171,10,2,4,1
30,118,181,6,3,0,1
51,98,194,5,1,4,1
67,51,186,4,3,3,0
15,85,155,8,2,0,1
53,54,165,4,2,1,0
19,114,195,6,2,4,1
43,46,186,8,0,4,1
52,106,186,2,3,1,0
68,60,157,5,2,4,1
36,81,198,10,1,3,2
41,59,179,9,1,4,1
22,84,167,5,1,1,1
70,89,170,9,3,1,1
69,62,178,3,0,1,0
26,63,154,1,3,3,1
59,97,182,4,3,4,0
49,73,200,8,0,1,1
48,77,183,6,2,3,1
33,60,158,6,3,3,2
50,47,184,10,1,1,1
16,67,170,5,2,4,1
48,118,193,8,1,3,1
23,80,175,6,1,0,2
28,80,167,5,0,1,1
33,92,199,5,2,3,1
61,114,169,5,3,1,0
59,109,184,5,0,2,0
16,85,168,9,2,0,1
63,56,159,3,3,2,1
22,51,161,2,0,1,0
59,81,188,10,2,4,1
38,119,150,10,2,1,1
70,45,174,6,0,2,1
24,96,182,4,1,3,1
26,110,196,3,2,2,1
43,105,168,10,3,0,1
28,99,194,4,2,4,1
63,110,158,4,1,1,1
56,103,151,1,1,2,0
18,86,192,10,0,3,2
54,52,164,7,3,1,1
18,96,152,1,2,4,0
63,103,159,9,1,3,1
69,114,192,9,1,3,1
16,102,169,4,1,0,1
32,46,160,2,1,2,1
20,45,185,8,0,3,1
66,48,154,4,3,3,1
42,47,199,10,0,3,1
67,46,162,10,2,4,1
69,46,158,7,3,4,1
60,103,168,9,2,2,1
28,67,171,4,1,2,2
38,82,158,1,3,4,0
34,51,157,9,3,0,2
15,93,197,2,0,1,0
38,82,160,1,0,4,0
31,111,160,10,3,0,1
28,99,188,4,3,3,1
32,59,165,3,0,4,1
43,119,156,2,2,0,0
44,64,191,2,2,1,0
55,70,191,10,0,1,1
54,120,183,7,3,4,1
65,117,188,6,2,2,1
48,109,150,6,3,4,1
54,95,176,2,2,0,0
25,71,195,7,1,0,2
70,109,198,8,2,1,1
34,69,175,6,0,3,2
58,107,163,4,2,4,0
62,76,195,10,1,2,1
51,114,172,5,1,1,1
47,48,179,6,2,3,1
28,89,153,4,2,4,1
24,78,152,3,3,4,1
36,103,177,1,2,1,0
49,72,187,1,1,0,1
30,108,177,3,1,0,1
51,82,163,4,2,2,0
66,110,166,7,2,3,1
53,78,170,10,3,0,1
35,66,171,10,2,0,2
47,59,181,6,1,1,1
34,57,163,3,3,3,1
60,55,158,6,0,4,1
63,47,175,4,0,0,0
26,66,198,2,0,1,0
51,106,150,6,1,0,1
55,74,198,7,0,0,1
62,96,183,3,2,4,0
62,101,160,4,0,0,0
22,82,177,4,2,4,1
53,83,181,10,2,4,1
43,101,179,7,2,0,1
48,72,192,8,1,1,1
36,47,185,7,1,4,1
48,91,162,1,1,3,0
57,100,180,3,1,4,1
35,86,193,3,2,4,1
40,52,179,7,1,3,1
70,60,165,7,3,3,1
46,72,183,7,0,0,1
25,71,152,7,3,4,1
49,45,151,7,3,4,1
45,102,160,3,2,3,0
62,54,192,4,3,1,0
15,69,173,5,0,0,1
61,93,170,5,0,1,0
65,107,171,4,3,2,0
27,91,169,10,1,0,2
40,86,170,1,3,1,0
34,103,194,9,0,3,1
67,63,156,8,2,0,1
40,78,173,10,3,1,1
67,99,161,6,1,1,1
69,108,150,4,1,0,1
21,62,199,4,0,4,1
44,106,184,8,2,0,1
40,85,196,6,1,2,2
27,73,198,4,0,0,1
21,48,165,1,3,0,0
51,115,154,9,3,1,1
18,78,157,10,0,1,1
17,48,168,5,1,0,1
54,46,196,4,0,4,0
54,46,160,8,1,0,1
38,50,170,2,0,2,0
56,98,179,3,0,1,0
40,90,166,1,0,1,0
32,82,161,7,3,1,1
32,57,176,3,0,1,1
70,96,187,8,2,0,1
50,113,184,3,1,0,1
37,83,180,4,3,3,1
64,86,180,4,3,2,1
20,87,157,10,1,2,2
59,74,154,6,3,0,1
43,58,169,3,2,4,1
18,116,172,8,1,0,2
31,90,152,2,1,1,1
15,63,166,7,3,0,1
39,51,167,4,0,4,0
46,79,194,8,0,3,1
22,72,171,5,2,4,1
45,55,161,3,3,0,1
59,78,170,5,1,2,1
48,105,181,4,3,3,0
59,57,187,8,0,4,1
65,67,167,6,2,3,1
50,107,167,1,3,0,0
28,82,200,6,2,1,2
48,97,178,3,0,3,0
37,117,188,4,2,1,0
41,97,159,6,2,3,1
43,50,181,5,2,1,0
17,67,155,3,3,1,0
32,94,190,8,1,2,2
32,102,178,7,2,3,1
18,105,190,1,2,2,0
49,84,171,8,0,2,1
63,115,182,7,3,1,1
47,93,156,8,2,1,1
15,61,193,10,2,0,1
17,65,167,3,2,3,1
48,79,195,5,1,3,1
42,56,195,1,0,0,0
58,98,198,7,1,3,2
38,56,195,5,2,4,0
38,67,200,8,2,0,1
49,118,157,7,1,2,1
26,45,183,8,3,4,1
52,94,162,2,2,2,0
38,64,168,2,1,3,1
32,48,170,4,1,3,1
16,69,198,8,0,4,1
45,90,169,9,0,1,1
60,71,190,9,1,4,1
55,100,151,2,0,3,0
65,60,167,1,2,3,0
35,47,162,1,2,3,0
32,50,191,5,0,3,1
54,87,193,5,1,1,1
61,76,182,5,1,1,1
22,48,168,5,1,3,1
21,74,191,6,3,1,2
33,85,176,1,3,2,0
58,83,181,3,2,0,1
65,59,175,8,0,0,1
70,59,158,3,1,4,1
16,115,199,5,1,0,1
15,54,157,5,1,0,1
41,112,178,4,1,1,1
59,104,194,4,0,3,0
42,67,152,7,0,3,1
21,105,178,5,2,4,1
17,103,169,3,3,2,0
34,70,184,6,1,0,2
51,95,186,8,1,0,1
37,103,161,10,0,2,1
66,84,173,10,0,4,1
65,72,166,1,2,2,0
44,120,168,3,0,0,0
48,89,186,9,3,1,1
52,77,150,4,3,2,0
26,109,177,4,3,2,1
25,73,163,8,2,3,1
46,46,186,7,3,3,1
64,103,182,6,1,4,1
17,110,185,9,3,1,1
23,76,193,5,2,0,1
17,105,180,4,0,3,0
26,118,176,2,1,0,1
15,50,162,7,3,4,1
65,54,176,10,2,4,1
63,83,162,8,2,4,1
17,113,184,3,1,2,1
38,65,193,8,0,4,1
28,64,193,7,0,0,1
20,104,167,1,0,0,0
55,68,163,9,3,0,1
16,119,181,8,3,4,1
29,76,168,3,3,3,1
27,86,195,3,1,3,2
19,52,191,9,3,4,1
23,57,179,9,3,2,1
36,92,154,1,2,1,0
69,120,179,5,3,1,0
69,45,154,9,1,0,1
54,82,173,10,1,0,1
50,105,180,5,2,0,0
42,89,156,9,3,4,1
15,70,157,2,1,1,0
23,77,160,4,1,2,1
69,50,169,6,3,0,1
23,91,163,2,1,2,1
27,96,180,10,1,1,2
16,76,196,2,3,2,0
62,72,154,5,2,3,0
38,67,159,8,2,1,1
61,67,150,7,1,0,1
27,58,158,10,0,4,2
41,106,169,2,3,2,0
46,119,162,1,0,0,0
38,95,170,5,1,0,1
58,84,194,10,2,0,1
70,88,165,1,2,2,0
46,63,164,6,0,1,1
55,101,176,1,0,1,0
15,65,171,5,2,2,1
59,79,151,10,2,3,1
51,52,168,2,1,0,0
37,60,173,3,2,3,1
33,78,165,6,0,0,1
35,86,160,8,2,0,1
36,73,198,2,1,0,0
31,76,167,4,2,0,1
59,54,165,8,0,1,1
35,104,179,6,1,3,2
66,67,192,2,3,2,0
57,77,168,6,2,4,1
20,94,163,9,3,0,1
20,48,152,6,3,4,2
56,73,196,4,0,3,0
49,62,160,6,0,3,1
40,69,153,4,3,3,0
23,98,164,9,2,4,1
66,113,156,4,2,0,0
53,73,196,4,1,3,1
67,94,199,10,3,4,1
32,81,190,8,1,3,2
42,53,157,5,1,3,1
37,54,168,8,0,2,1
19,88,158,3,0,0,1
41,115,181,5,3,1,0
53,108,157,10,0,2,1
27,120,186,4,3,4,1
48,91,161,9,0,3,1
30,76,197,5,2,1,1
61,88,188,9,3,2,1
39,93,168,8,0,0,1
43,104,192,9,3,4,1
30,64,200,2,2,2,0
43,86,188,3,2,2,1
42,97,156,4,2,4,0
38,117,173,8,1,4,1
26,102,198,7,2,4,2
39,114,153,9,3,0,1
39,99,181,4,3,2,0
22,79,160,9,3,0,1
50,54,171,5,3,1,0
27,91,163,3,2,2,1
40,115,155,10,0,0,1
22,45,164,6,1,1,2
56,95,178,1,2,1,0
62,80,180,7,3,0,1
38,77,184,5,2,2,1
38,88,156,10,1,3,1
19,62,200,4,1,0,1
18,74,169,9,3,4,2
54,76,167,6,2,0,1
70,51,188,9,2,4,1
35,54,180,5,2,4,1
23,66,190,1,0,0,0
54,89,194,9,2,1,1
42,96,187,1,1,1,0
56,97,192,8,3,3,1
37,115,171,6,3,4,1
51,97,165,10,3,4,1
25,95,175,8,0,1,1
69,61,183,2,2,0,0
65,106,169,1,2,0,0
18,62,180,1,1,3,1
54,57,174,6,0,2,1
26,60,152,7,2,0,2
32,68,187,1,1,0,1
70,102,158,5,1,2,1
32,78,200,4,1,4,1
53,72,193,2,0,2,0
64,55,157,5,1,2,1
62,101,187,6,1,1,1
44,102,151,9,3,1,1
58,118,179,7,2,4,1
31,87,198,2,0,0,1
21,84,161,8,2,1,1
62,57,154,6,1,4,2
15,93,188,10,0,4,1
33,59,156,6,3,3,2
23,46,179,1,3,2,0
68,65,194,8,2,2,1
56,51,157,9,1,3,2
58,92,190,1,1,1,1
69,101,185,4,0,1,0
56,71,156,8,3,3,1
36,62,183,10,0,0,1
69,113,166,6,3,2,1
59,98,151,3,0,4,0
37,91,161,2,2,0,0
69,69,158,7,3,4,1
23,50,186,10,0,1,1
53,72,163,5,3,4,0
60,48,169,2,2,4,0
25,85,150,3,3,1,1
41,52,196,3,1,4,1
54,52,165,1,0,2,0
37,81,197,9,2,3,1
19,89,187,10,0,3,2
24,61,195,8,3,3,1
47,108,192,10,1,4,1
60,95,174,8,3,2,1
59,116,171,5,2,3,0
65,94,170,5,2,1,0
39,119,191,4,3,2,0
44,57,168,8,0,1,1
20,56,159,9,2,0,2
20,85,183,7,3,1,2
43,63,166,5,1,3,1
66,67,151,1,3,0,0
70,56,184,5,2,0,0
50,51,155,9,3,3,1
20,68,185,3,3,4,1
27,64,156,6,2,4,2
26,75,190,8,2,4,2
49,70,150,2,3,3,0
34,108,163,2,2,1,0
62,74,151,7,1,2,1
59,70,172,2,1,3,1
68,103,154,5,2,4,0
44,61,192,9,1,2,1
56,57,186,2,2,3,0
66,56,175,4,1,1,1
39,47,186,1,1,3,0
22,99,193,8,0,1,2
26,101,156,7,2,3,1
37,70,195,4,0,3,0
61,66,168,1,3,2,0
27,90,189,10,1,2,2
67,93,159,4,2,1,0
17,119,150,8,1,0,1
32,115,185,7,2,4,1
68,90,188,10,2,3,1
42,54,181,8,3,4,1
47,120,195,9,0,0,1
55,103,187,6,0,3,1
70,91,166,10,1,4,1
29,50,199,1,1,3,1
22,108,181,6,3,0,1
46,111,162,9,3,1,1
59,50,173,2,3,0,0
26,103,172,2,3,3,0
34,92,161,4,1,4,1
57,68,195,7,0,4,1
47,96,178,4,3,3,0
18,51,172,8,3,3,1
49,87,152,3,2,4,0
28,116,161,2,3,2,0
49,59,152,5,0,0,1
38,54,159,6,2,1,1
39,71,185,7,0,2,1
42,98,189,8,3,3,1
25,91,161,1,2,4,0
17,82,167,10,1,1,1
69,106,200,4,1,3,1
21,107,191,1,3,3,0
66,88,187,5,0,4,1
15,69,176,4,3,0,1
20,59,165,3,1,1,2
23,105,160,10,1,4,2
46,120,180,3,3,2,0
15,117,179,5,2,1,0
31,64,186,6,3,2,1
34,112,162,8,3,2,1
36,87,174,3,3,0,0
66,62,165,7,1,0,2
37,109,167,3,2,0,0
64,80,173,4,2,0,1
33,74,187,8,3,4,2
18,97,193,1,2,0,1
38,46,172,4,2,2,0
56,75,187,4,1,0,1
54,78,188,6,2,3,1
60,46,191,3,2,4,0
51,107,178,6,3,3,1
59,70,153,7,1,3,1
40,74,151,4,2,4,0
57,76,198,9,3,2,1
17,54,157,2,2,1,0
54,65,182,6,0,2,1
21,62,177,5,2,3,1
43,108,166,6,0,4,1
38,76,163,1,3,0,0
22,78,176,5,3,3,1
49,45,181,5,2,1,0
24,78,151,5,3,4,1
56,103,193,10,3,0,1
56,68,159,9,1,3,2
44,107,154,10,0,0,1
18,66,150,4,3,4,1
23,85,152,9,2,3,1
16,65,150,7,3,2,1
54,68,171,3,3,3,1
35,120,180,8,0,0,1
68,48,189,9,3,3,1
59,113,154,7,2,2,1
66,68,182,3,3,3,1
47,62,192,3,1,4,1
16,85,159,10,2,0,1
50,98,151,9,2,4,1
31,96,151,9,3,0,1
61,99,185,5,0,1,0
45,108,197,6,0,0,1
64,62,180,3,3,2,0
34,88,157,1,2,0,0
51,48,174,2,0,2,0
68,64,164,8,2,1,1
69,102,179,5,2,0,0
59,61,160,7,0,2,1
49,54,171,10,3,1,1
69,45,179,8,1,1,1
53,61,198,5,3,2,0
60,55,164,2,0,3,0
31,113,190,6,3,2,1
47,99,177,3,1,2,1
28,111,180,7,3,3,1
61,77,188,2,1,3,1
66,104,158,1,3,1,0
20,67,180,6,2,4,2
41,107,176,7,0,3,1
41,90,190,1,3,1,0
38,51,169,4,0,0,0
42,90,187,10,1,2,2
50,75,199,1,2,3,0
66,99,161,9,3,3,1
19,70,186,8,1,1,2
62,103,168,8,3,2,1
17,64,185,3,3,4,0
45,96,177,5,2,3,0
48,113,183,6,2,1,1
18,78,186,10,0,3,2
69,53,155,6,2,0,1
35,101,174,1,0,1,0
46,47,159,8,3,3,1
64,63,190,1,1,0,0
34,52,198,4,1,1,1
21,86,187,2,1,0,1
26,75,192,5,0,4,1
57,74,190,7,0,1,1
42,96,200,1,1,4,1
42,45,167,9,2,0,1
17,117,182,10,2,1,1
42,49,170,8,3,1,1
60,102,172,10,0,1,1
49,102,171,1,1,4,0
42,90,166,3,1,2,1
27,70,177,3,0,3,1
62,57,152,2,0,1,0
70,97,172,6,3,4,1
18,67,191,3,0,1,1
46,57,173,3,0,2,0
68,71,180,5,2,4,1
61,81,194,4,3,2,1
49,88,191,9,1,2,2
64,61,172,3,3,1,1
45,76,199,8,3,0,1
69,87,151,2,0,3,0
51,69,191,10,1,2,1
49,68,189,7,3,2,1
20,47,176,7,3,4,1
25,77,164,2,0,0,0
32,98,189,8,1,0,2
51,49,192,3,3,3,0
43,72,185,1,1,2,1
38,92,176,2,2,1,0
57,65,158,5,3,2,1
50,76,192,3,1,0,1
49,67,159,7,3,4,1
70,107,151,3,2,4,0
36,106,194,2,1,1,0
49,91,169,7,0,2,1
32,68,169,6,0,4,2
23,53,191,1,0,4,0
47,61,158,1,3,2,0
34,81,174,9,3,3,2
69,98,151,9,0,3,1
18,92,199,2,0,0,1
27,96,198,8,3,3,2
55,83,188,2,0,2,0
60,49,162,9,3,1,1
61,109,151,8,1,3,1
32,47,187,9,2,0,1
45,57,160,6,1,4,2
26,87,196,2,3,4,1
17,63,173,10,1,0,2
47,107,197,2,0,2,0
17,99,160,8,1,0,1
70,53,158,6,3,0,1
19,69,168,1,0,2,1
34,100,159,9,1,1,2
51,54,163,9,3,0,1
29,47,177,1,3,1,0
17,102,197,5,0,2,1
26,108,185,5,3,4,1
35,92,194,10,2,2,2
21,85,191,10,2,1,2
69,115,186,10,1,0,1
57,101,171,3,1,1,1
41,50,161,3,2,2,0
17,60,154,3,1,0,1
32,55,177,6,0,3,1
60,51,175,4,0,3,0
34,118,167,3,2,0,1
52,81,166,3,2,2,0
52,49,166,1,2,3,0
53,102,176,3,3,0,0
55,64,186,4,3,4,0
66,85,169,9,0,1,1
60,113,150,5,3,0,0
47,94,187,6,0,3,1
48,65,165,3,1,3,1
18,66,156,7,2,4,1
32,97,185,1,0,0,0
37,70,177,4,3,0,1
59,63,179,10,0,0,1
32,67,167,2,2,2,1
38,88,152,1,0,2,0
24,62,192,1,0,2,0
51,45,159,8,1,4,1
63,102,153,2,2,3,0
27,81,175,10,1,2,2
19,83,195,9,3,4,2
63,62,188,10,3,2,1
29,72,176,9,1,0,2
40,48,195,4,0,4,0
22,65,198,5,1,0,1
55,51,182,9,3,1,1
56,98,165,4,3,1,0
30,114,199,1,0,0,0
68,73,175,3,2,2,1
20,95,171,5,3,3,1
24,46,184,2,0,4,0
21,109,197,4,3,0,1
23,62,163,2,2,1,1
67,106,184,5,2,0,0
65,89,180,4,1,0,1
34,47,200,4,3,4,1
24,62,168,2,3,3,1
19,120,199,3,2,0,1
24,88,180,7,1,3,2
57,108,188,3,3,3,0
46,48,191,5,1,3,1
58,99,195,3,3,3,1
58,83,151,10,0,0,1
27,120,183,1,2,1,0
28,83,187,8,3,3,2
41,50,162,7,2,4,1
32,101,192,3,2,0,1
67,45,161,3,3,4,0
24,113,187,8,0,1,1
25,105,167,1,0,4,0
53,87,171,2,2,0,0
45,59,195,1,2,1,0
35,73,171,10,3,1,2
49,107,155,9,0,2,1
60,110,181,7,2,2,1
33,92,164,9,3,2,1
62,104,180,5,0,4,0
68,116,180,2,2,3,0
55,93,151,4,1,0,1
65,96,186,1,1,2,0
36,83,194,6,3,3,1
53,85,150,1,1,4,0
36,91,185,7,3,1,1
40,110,157,1,1,1,0
41,65,173,4,1,0,1
64,83,197,5,1,0,1
47,103,190,5,1,4,1
27,54,199,5,0,2,1
39,85,165,8,0,2,1
40,74,187,1,0,0,0
56,51,169,5,0,1,0
68,103,171,10,3,2,1
38,61,196,5,3,1,0
48,76,170,2,1,2,1
51,73,198,6,2,3,1
50,82,197,1,0,3,0
20,115,187,6,1,0,2
31,56,161,4,2,0,1
30,51,174,6,3,2,1
45,61,175,1,2,1,0
55,65,195,10,0,1,1
28,112,154,3,2,0,1
38,80,187,4,0,2,1
62,110,163,10,3,2,1
65,48,175,5,3,2,0
40,69,184,1,1,3,1
16,66,169,7,0,0,1
62,68,164,9,0,2,1
60,45,194,4,1,3,1
69,60,174,4,0,0,0
36,63,160,1,0,3,0
53,58,195,10,1,0,1
36,50,187,1,1,2,0
26,78,161,6,1,1,2
28,91,185,10,1,4,2
61,88,184,7,0,3,1
52,65,183,6,0,0,1
23,96,174,9,2,4,1
36,117,199,8,1,3,1
69,110,171,10,2,3,1
18,97,184,4,2,3,1
42,93,153,5,2,4,0
70,109,160,10,1,0,1
64,86,195,6,1,2,2
26,117,172,7,1,2,2
65,87,195,7,0,4,1
53,61,197,7,3,3,1
15,111,177,7,2,4,1
56,78,189,8,2,0,1
42,94,185,10,3,1,1
44,77,194,2,2,4,0
29,72,166,9,0,4,2
20,80,155,2,1,2,1
54,62,176,6,1,4,2
38,66,164,5,0,4,1
51,106,179,3,1,3,1
63,107,179,7,0,4,1
58,92,199,2,0,2,0
53,93,168,4,0,1,0
66,51,171,1,1,2,0
18,94,171,5,1,2,1
54,113,159,9,2,1,1
70,85,170,4,1,2,1
63,87,197,6,0,2,1
46,86,155,1,0,3,0
17,103,173,6,0,1,1
19,60,198,8,1,1,2
49,70,161,7,2,4,1
38,71,174,10,1,1,2
27,119,167,1,2,0,0
22,117,189,3,1,2,1
55,50,197,5,1,4,1
60,96,190,2,0,1,0
54,70,170,6,2,1,1
55,61,199,9,3,2,1
50,116,179,5,2,2,0
27,96,192,3,3,0,1
22,118,191,9,3,3,1
52,54,168,3,0,3,0
61,63,171,4,2,4,1
23,104,185,9,1,2,2
70,71,157,1,0,1,0
18,107,160,1,1,3,1
27,92,197,3,2,0,1
43,104,184,1,1,3,0
42,94,171,4,1,0,1
45,69,158,4,0,4,0
16,106,182,6,0,2,1
62,108,177,4,0,0,0
19,71,161,8,2,3,1
42,118,194,2,2,3,0
21,114,186,2,0,2,0
16,104,190,2,0,1,0
68,86,151,9,2,3,1
51,108,165,9,3,2,1
34,112,158,8,2,1,1
53,97,162,5,1,2,1
70,109,196,1,1,1,0
16,73,161,5,0,2,0
48,50,163,5,1,0,1
66,55,186,2,1,1,0
54,90,158,10,0,3,1
70,48,191,3,3,1,0
18,52,185,4,3,2,1
29,50,154,6,1,3,2
47,65,197,8,3,2,1
31,65,184,3,3,1,1
56,118,169,2,0,4,0
23,88,195,3,3,1,1
38,69,166,1,2,2,0
20,85,192,6,3,4,2
27,74,161,9,3,1,1
26,71,155,6,3,1,1
42,89,174,10,1,3,1
45,81,198,6,3,3,1
43,68,177,5,2,2,1
21,76,168,7,2,1,2
40,64,185,6,0,3,1
57,99,195,4,0,3,1
34,69,184,10,3,2,2
21,104,186,2,0,1,0
18,49,184,3,3,4,1
25,59,179,8,2,1,1
58,77,151,6,0,2,1
46,77,151,3,0,0,0
52,55,157,10,3,0,1
60,69,170,7,0,3,1
48,119,184,10,1,1,1
34,118,158,7,3,3,1
15,47,187,1,1,1,0
67,114,194,8,1,4,1
44,120,153,5,1,4,1
33,48,188,7,3,0,1
22,89,178,10,2,0,1
28,49,189,8,3,4,1
49,99,182,4,1,3,1
66,66,198,4,0,0,0
58,66,187,8,0,0,1
41,45,185,2,0,0,0
65,107,161,9,0,2,1
34,118,196,9,0,1,1
67,62,150,9,3,1,1
59,76,174,2,0,2,0
54,60,191,5,3,4,0
27,87,164,7,2,1,1
19,75,195,3,2,0,1
62,83,184,5,0,0,1
39,68,167,10,2,1,1
17,78,174,4,1,1,1
19,70,189,8,3,4,1
57,66,162,10,2,1,1
51,63,189,4,3,3,0
54,54,192,2,3,1,0
53,64,176,8,0,2,1
35,92,153,4,2,4,1
42,91,150,3,3,3,0
31,47,194,4,1,0,1
46,49,196,9,0,1,1
46,106,173,9,0,0,1
44,56,182,3,1,4,1
43,91,195,8,1,3,2
42,106,192,2,3,4,0
52,52,156,5,2,3,1
20,70,196,2,0,4,0
59,66,179,9,1,2,2
63,77,160,10,0,4,1
45,60,167,10,0,0,1
62,95,181,6,0,0,1
65,81,188,7,0,4,1
39,94,180,1,2,0,0
31,78,188,1,2,4,1
23,118,164,5,1,1,1
48,48,190,7,3,0,1
40,80,172,5,3,3,0
55,65,156,6,3,4,1
67,103,181,3,1,0,1
23,49,187,4,0,4,1
17,119,153,2,0,3,0
48,48,197,6,2,3,1
45,82,196,3,3,3,1
17,65,199,1,1,1,0
64,63,190,5,0,0,0
46,105,151,3,3,3,0
60,102,193,7,3,4,1
16,113,191,8,3,0,1
38,86,184,4,1,4,1
43,62,170,4,0,1,1
52,95,157,3,2,0,0
59,85,175,5,2,3,0
64,95,170,2,2,1,0
70,59,194,6,2,3,1
19,114,179,10,2,2,1
24,112,163,3,1,4,1
45,55,164,7,3,2,1
30,82,184,2,3,1,1
69,88,160,8,1,4,1
23,90,194,9,0,3,2
27,59,159,10,0,2,2
63,56,174,1,2,4,0
62,78,168,3,0,3,0
19,94,181,3,2,2,1
37,86,185,6,3,3,1
61,95,154,4,0,3,0
26,119,193,4,1,0,1
51,53,171,2,1,4,0
57,58,169,6,0,4,1
15,51,164,10,0,3,1
46,89,179,2,0,2,0
56,83,182,1,1,0,1
69,58,187,3,3,4,0
68,108,185,3,3,3,0
43,93,185,1,2,3,0
62,56,191,3,2,0,0
61,46,168,5,3,4,0
67,106,192,9,1,3,1
66,109,157,1,1,0,0
45,67,182,6,2,0,1
38,47,171,1,0,3,0
42,77,199,7,1,0,1
33,67,175,4,3,3,1
55,103,154,2,1,3,0
70,99,151,4,1,3,1
63,89,154,6,1,4,1
44,120,150,4,0,4,0
69,70,200,10,2,1,1
30,62,167,10,1,4,2
66,57,170,6,2,1,1
51,72,159,7,2,2,1
15,118,174,10,3,4,1
37,67,196,10,3,1,1
27,115,183,2,3,0,0
65,104,181,8,0,1,1
35,65,187,4,0,0,1
53,67,172,9,2,3,1
17,64,196,3,2,1,0
43,46,160,8,2,2,1
65,46,157,8,3,4,1
38,61,189,6,1,0,1
17,93,159,3,0,4,0
48,104,158,7,1,4,1
39,57,159,1,2,0,0
33,56,163,3,3,4,1
19,71,186,5,2,1,1
20,115,179,1,3,2,0
22,62,160,1,1,2,1
39,80,164,9,2,4,1
45,73,164,6,2,1,1
32,112,185,8,1,0,2
30,109,198,6,0,2,1
44,68,175,2,3,1,0
15,107,181,3,2,3,0
63,52,169,8,1,0,1
36,66,200,1,1,2,0
16,102,162,4,1,4,1
23,74,187,10,0,4,2
52,113,156,6,2,0,1
34,76,158,2,3,0,0
16,118,167,5,2,1,0
41,93,167,9,2,4,1
67,119,169,8,1,2,1
34,83,187,3,0,2,1
66,58,195,8,2,4,1
51,49,189,1,0,2,0
64,107,167,1,2,2,0
43,109,157,5,0,3,0
33,88,160,3,0,4,1
31,94,171,10,2,1,1
24,85,166,5,1,1,1
27,50,194,4,3,3,1
56,66,163,2,3,4,0
17,69,165,4,2,0,1
17,57,153,3,3,4,1
67,115,161,3,1,0,1
41,103,167,6,3,1,1
51,107,194,10,1,3,1
20,107,182,6,1,0,2
44,116,197,8,0,3,1
25,91,161,8,1,3,2
33,46,178,8,2,1,1
28,50,167,5,1,4,1
56,89,161,1,3,0,0
26,104,189,1,2,3,0
57,45,154,7,2,4,1
47,88,163,4,1,1,1
64,83,153,8,1,1,1
25,53,180,4,0,4,1
47,73,182,5,2,3,1
32,104,192,7,0,4,1
25,65,170,6,0,3,2
44,77,157,7,3,0,1
37,103,161,10,3,1,1
31,89,187,6,1,0,2
54,102,158,1,2,2,0
44,96,167,1,1,1,0
47,59,172,10,2,1,1
55,57,160,2,0,4,0
63,63,163,10,2,0,1
46,70,183,4,3,3,1
66,78,169,6,0,2,1
69,91,200,2,1,1,1
45,76,192,6,0,1,1
66,99,179,3,3,1,0
40,84,200,3,2,0,1
42,118,176,1,3,2,0
27,53,199,7,0,2,1
70,119,176,2,0,2,0
70,69,200,8,1,3,1
19,112,165,7,3,4,1
43,56,157,5,1,4,1
66,52,199,10,0,2,1
45,79,185,2,2,4,0
44,111,191,8,1,3,1
34,93,198,4,1,0,2
62,112,182,6,1,3,1
15,73,178,9,1,2,2
17,116,186,1,2,1,0
18,48,184,2,0,0,0
44,55,186,3,1,2,1
20,57,196,3,1,2,1
36,52,185,3,0,2,0
51,63,177,9,2,4,1
69,110,158,9,2,0,1
29,108,175,5,1,4,1
60,87,154,3,0,4,0
60,50,181,1,1,0,0
60,92,176,2,3,4,0
55,95,151,4,1,4,1
24,86,161,6,0,3,1
52,79,162,7,1,0,1
27,51,170,5,1,0,1
41,71,191,8,2,2,1
38,85,190,7,3,4,1
31,63,160,9,0,1,2
35,56,165,3,2,3,1
50,63,159,1,1,4,1
70,72,184,8,1,4,2
54,108,170,3,0,4,0
40,53,155,5,3,3,1
30,92,175,3,3,3,1
38,91,172,5,1,2,1
56,91,163,2,0,1,0
63,102,171,8,3,3,1
64,67,169,8,3,1,1
52,65,181,1,2,0,0
18,81,198,8,1,0,2
59,49,156,8,0,0,1
65,103,171,6,2,1,1
32,51,185,7,0,4,1
55,82,181,2,0,3,0
70,61,196,4,3,1,0
59,83,185,7,1,2,2
56,71,190,7,0,3,1
49,91,179,8,3,4,1
28,61,180,6,1,4,2
45,73,173,4,1,4,1
62,89,186,8,0,1,1
54,63,160,8,2,4,1
67,82,189,10,3,1,1
69,77,169,2,3,2,0
22,76,158,8,0,0,1
60,50,167,4,3,2,0
33,92,181,3,3,2,1
65,58,170,3,2,3,1
52,46,200,7,3,3,1
44,80,188,2,0,4,0
24,106,155,1,1,1,1
16,84,184,10,3,3,1
28,79,166,5,2,2,1
15,80,177,2,2,2,0
30,77,193,1,2,1,1
61,110,175,4,0,4,0
47,105,174,6,2,4,1
50,73,160,10,2,2,1
18,56,193,9,0,0,1
38,81,172,10,2,3,1
47,99,162,7,2,4,1
33,64,178,3,2,3,1
15,79,164,3,0,0,0
31,50,188,7,1,0,2
47,67,155,3,3,1,0
15,107,156,4,1,2,1
39,56,194,7,0,1,1
37,46,167,10,3,3,1
63,100,193,1,3,2,0
42,63,193,1,2,4,0
60,102,198,9,2,3,1
66,89,161,10,1,4,1
30,59,174,2,1,3,1
18,79,154,4,0,4,1
27,101,200,4,3,0,1
62,67,178,8,1,0,2
60,58,156,1,3,0,0
53,54,153,1,0,0,0
58,78,172,1,2,3,0
17,82,174,4,3,1,0
46,79,155,1,1,3,0
17,105,182,5,0,4,0
36,116,157,5,1,2,1
16,48,178,3,3,0,0
46,73,185,10,1,3,2
21,57,154,5,3,3,1
63,84,176,8,2,4,1
33,120,159,6,2,2,1
41,106,166,3,2,3,0
35,71,193,4,1,4,1
67,80,186,1,3,3,0
58,112,157,6,3,3,1
19,50,158,2,3,3,1
56,111,174,5,0,4,0
70,67,188,7,3,2,1
51,59,190,3,0,2,0
36,71,198,7,3,1,1
21,65,196,9,2,0,1
25,68,195,6,3,1,1
53,62,182,7,3,3,1
55,103,150,5,1,2,1
47,107,156,8,0,4,1
15,50,163,1,0,1,0
21,70,178,6,3,3,2
18,65,154,6,1,3,2
43,114,169,4,0,1,0
65,59,156,10,2,3,1
69,105,189,6,2,1,1
63,80,194,9,2,3,1
39,53,164,1,2,3,0
36,81,192,2,2,3,0
66,86,190,6,3,0,1
41,99,172,10,3,0,1
20,57,196,6,2,4,1
23,67,151,8,3,0,1
39,76,165,4,3,4,0
19,77,198,4,3,2,1
22,96,150,1,0,1,0
64,88,160,2,3,0,0
68,111,150,9,0,3,1
62,78,168,8,3,4,1
15,72,158,3,2,3,0
33,64,150,5,0,3,1
44,117,171,4,0,3,0
51,71,155,2,1,2,0
23,117,188,4,0,1,1
40,103,167,2,0,2,0
56,71,178,3,2,3,1
19,99,192,3,0,0,1
16,80,199,2,3,3,0
62,61,172,9,3,4,1
49,59,157,5,0,4,1
52,48,154,1,1,1,1
58,89,155,7,1,0,1
16,94,161,2,0,0,0
32,85,175,10,3,4,1
39,97,156,1,3,1,0
40,88,198,6,0,3,1
44,84,162,7,2,1,1
33,116,170,5,0,0,1
52,56,193,10,2,2,1
17,108,182,4,1,1,1
64,96,162,10,3,0,1
46,81,197,10,2,4,1
32,54,198,3,1,3,1
29,117,195,6,3,0,1
57,46,154,3,0,4,0
22,113,151,3,0,0,1
33,54,161,4,2,3,1
21,98,175,10,3,3,1
24,111,176,9,0,0,1
33,73,191,5,3,3,1
17,118,172,8,1,0,1
70,119,174,8,0,1,1
67,116,180,1,1,1,0
45,66,180,3,2,0,1
57,56,189,7,3,2,1
57,80,193,3,3,2,1
66,91,174,6,3,3,1
68,51,174,9,2,2,1
39,85,153,5,0,2,0
18,105,193,5,2,4,1
27,85,162,7,2,4,1
70,71,161,5,3,1,0
70,76,159,8,0,4,1
68,87,153,8,3,3,1
53,105,194,5,0,4,0
46,46,159,2,3,4,0
34,111,180,9,0,2,1
66,110,168,5,0,2,0
58,52,190,6,3,4,1
47,53,187,8,1,3,1
42,53,164,10,2,1,1
17,119,166,9,0,4,1
26,116,191,5,0,3,1
34,113,168,7,1,2,2
29,106,192,9,3,4,1
55,106,159,2,1,3,0
36,84,152,9,3,0,1
30,97,188,2,0,0,0
37,74,191,6,1,2,2
29,74,195,4,1,1,1
26,66,153,5,0,3,1
42,115,176,10,3,4,1
33,114,171,5,0,0,1
54,114,181,9,2,3,1
23,54,190,7,2,2,1
24,87,182,1,0,2,1
39,55,177,9,2,3,1
46,108,176,9,2,2,1
15,109,165,9,0,1,1
70,52,200,5,2,4,0
48,58,180,1,1,1,0
53,51,191,5,2,0,0
43,70,172,6,0,0,1
68,93,173,7,1,2,1
40,92,199,8,0,1,1
64,53,191,4,3,3,0
65,108,165,5,3,1,0
27,48,172,10,3,2,1
36,104,200,6,2,0,1
56,109,191,2,2,1,0
49,87,159,10,0,2,1
36,49,173,1,0,2,0
61,70,174,9,0,2,1
27,105,177,4,2,0,1
49,59,167,5,1,1,1
19,76,174,9,1,1,2
40,45,182,4,3,4,0
42,46,192,2,3,1,0
24,69,189,6,2,1,1
58,62,176,1,2,0,0
33,105,188,10,2,0,1
38,120,174,6,0,4,1
27,111,158,10,0,2,1
51,60,192,3,1,2,1
59,105,160,7,2,1,1
70,83,153,1,1,0,0
33,48,160,2,2,3,0
61,100,160,7,0,3,1
25,79,166,9,0,0,1
33,47,188,1,0,3,0
57,106,178,7,3,2,1
18,117,198,9,0,2,1
21,79,171,8,3,1,1
38,112,171,6,2,3,1
53,70,171,7,0,2,1
37,85,157,2,2,0,0
55,68,155,9,2,4,1
23,69,182,3,2,4,1
64,63,197,4,1,2,1
50,66,192,5,2,0,0
69,102,169,10,0,1,1
17,71,192,9,0,2,1
45,98,195,7,3,1,1
29,98,197,7,1,2,2
20,62,153,6,2,3,2
63,59,160,7,2,1,1
56,81,162,8,2,4,1
30,79,162,2,0,0,0
56,92,168,9,3,1,1
41,47,176,4,0,4,0
42,93,193,3,2,2,1
19,118,175,9,2,1,1
20,62,165,9,0,4,2
53,46,157,1,0,2,0
17,113,187,5,3,1,0
58,62,189,10,3,3,1
27,73,156,8,0,1,1
40,109,162,3,2,2,0
30,60,193,8,3,3,1
